run_root,request_kind,case_id,abm,evidence_mode,prompt_variant,repetition,case_dir,review_csv_path,case_summary_path,validation_state_path,request_json_path,trace_json_path,output_path,thinking_path,plot_index,reporter_pattern,plot_description,image_path,table_csv_path,success,validation_status,error,resumed_from_existing,reused_from_previous_run,reused_from_shared_context_cache,counts_toward_run_totals,context_materialization_source,provider,model,runtime_provider,runtime_precision,temperature,max_tokens,max_retries,retry_backoff_seconds,image_attached,attempts_made,trace_error_count,prompt_length,prompt_signature,usage_prompt_tokens,usage_completion_tokens,usage_total_tokens,table_downsample_stride,compression_tier,prompt_compression_applied,request_metadata_json,runtime_json,usage_json
results/qwen3.5-27b_openrouter_all_abms_chain/04_generation_smoke_latest/abms/fauna/runs/run_20260312_093651_163548,context,01_fauna_none_plot_rep1,fauna,plot,none,1,results/qwen3.5-27b_openrouter_all_abms_chain/04_generation_smoke_latest/abms/fauna/runs/run_20260312_093651_163548/cases/01_fauna_none_plot_rep1,results/qwen3.5-27b_openrouter_all_abms_chain/04_generation_smoke_latest/abms/fauna/runs/run_20260312_093651_163548/cases/01_fauna_none_plot_rep1/review.csv,results/qwen3.5-27b_openrouter_all_abms_chain/04_generation_smoke_latest/abms/fauna/runs/run_20260312_093651_163548/cases/01_fauna_none_plot_rep1/00_case_summary.json,results/qwen3.5-27b_openrouter_all_abms_chain/04_generation_smoke_latest/abms/fauna/runs/run_20260312_093651_163548/cases/01_fauna_none_plot_rep1/validation_state.json,results/qwen3.5-27b_openrouter_all_abms_chain/04_generation_smoke_latest/abms/fauna/runs/run_20260312_093651_163548/cases/01_fauna_none_plot_rep1/02_context/context_request.json,results/qwen3.5-27b_openrouter_all_abms_chain/04_generation_smoke_latest/abms/fauna/runs/run_20260312_093651_163548/cases/01_fauna_none_plot_rep1/02_context/context_trace.json,results/qwen3.5-27b_openrouter_all_abms_chain/04_generation_smoke_latest/abms/fauna/runs/run_20260312_093651_163548/cases/01_fauna_none_plot_rep1/02_context/context_output.txt,results/qwen3.5-27b_openrouter_all_abms_chain/04_generation_smoke_latest/abms/fauna/runs/run_20260312_093651_163548/cases/01_fauna_none_plot_rep1/02_context/context_thinking.txt,context,,,,,True,accepted,,true,false,false,true,fresh_request,openrouter,qwen/qwen3.5-27b,Alibaba,,1.0,32768,2,2.0,false,1,0,13937,5daf84db2862ee83f49b2ae5b3aa3a29924009b11215acb26a19bb9408cd1722,3145,4920,8065,,,false,"{""context_materialization_source"": ""fresh_request"", ""ollama_format"": {""description"": ""Structured smoke output schema for one text response."", ""properties"": {""response_text"": {""title"": ""Response Text"", ""type"": ""string""}}, ""required"": [""response_text""], ""title"": ""StructuredSmokeText"", ""type"": ""object""}, ""ollama_num_ctx"": 0, ""preserve_raw_text"": true}","{""provider"": ""Alibaba""}","{""completion_tokens"": 4920, ""prompt_tokens"": 3145, ""total_tokens"": 8065}"
results/qwen3.5-27b_openrouter_all_abms_chain/04_generation_smoke_latest/abms/fauna/runs/run_20260312_093651_163548,trend,01_fauna_none_plot_rep1,fauna,plot,none,1,results/qwen3.5-27b_openrouter_all_abms_chain/04_generation_smoke_latest/abms/fauna/runs/run_20260312_093651_163548/cases/01_fauna_none_plot_rep1,results/qwen3.5-27b_openrouter_all_abms_chain/04_generation_smoke_latest/abms/fauna/runs/run_20260312_093651_163548/cases/01_fauna_none_plot_rep1/review.csv,results/qwen3.5-27b_openrouter_all_abms_chain/04_generation_smoke_latest/abms/fauna/runs/run_20260312_093651_163548/cases/01_fauna_none_plot_rep1/00_case_summary.json,results/qwen3.5-27b_openrouter_all_abms_chain/04_generation_smoke_latest/abms/fauna/runs/run_20260312_093651_163548/cases/01_fauna_none_plot_rep1/validation_state.json,results/qwen3.5-27b_openrouter_all_abms_chain/04_generation_smoke_latest/abms/fauna/runs/run_20260312_093651_163548/cases/01_fauna_none_plot_rep1/03_trends/plot_01/trend_request.json,results/qwen3.5-27b_openrouter_all_abms_chain/04_generation_smoke_latest/abms/fauna/runs/run_20260312_093651_163548/cases/01_fauna_none_plot_rep1/03_trends/plot_01/trend_trace.json,results/qwen3.5-27b_openrouter_all_abms_chain/04_generation_smoke_latest/abms/fauna/runs/run_20260312_093651_163548/cases/01_fauna_none_plot_rep1/03_trends/plot_01/trend_output.txt,results/qwen3.5-27b_openrouter_all_abms_chain/04_generation_smoke_latest/abms/fauna/runs/run_20260312_093651_163548/cases/01_fauna_none_plot_rep1/03_trends/plot_01/trend_thinking.txt,1,num-foragers,This plot represents the number of human hunter-gatherer bands currently active in the simulation.,results/qwen3.5-27b_openrouter_all_abms_chain/04_generation_smoke_latest/abms/fauna/runs/run_20260312_093651_163548/cases/01_fauna_none_plot_rep1/03_trends/plot_01/trend_evidence_plot.png,,True,accepted,,true,false,false,true,,openrouter,qwen/qwen3.5-27b,Alibaba,,1.0,32768,2,2.0,true,1,0,2950,3b49ce17ca751f7c75e777bbe2485f75c43e2e27cc4e14111919a4419f812859,2065,143,2208,1,0,false,"{""ollama_format"": {""description"": ""Structured smoke output schema for one text response."", ""properties"": {""response_text"": {""title"": ""Response Text"", ""type"": ""string""}}, ""required"": [""response_text""], ""title"": ""StructuredSmokeText"", ""type"": ""object""}, ""ollama_num_ctx"": 0, ""preserve_raw_text"": true, ""structured_output_name"": ""structured_smoke_text"", ""structured_output_schema"": {""description"": ""Structured smoke output schema for one text response."", ""properties"": {""response_text"": {""title"": ""Response Text"", ""type"": ""string""}}, ""required"": [""response_text""], ""title"": ""StructuredSmokeText"", ""type"": ""object""}, ""table_downsample_stride"": 1}","{""provider"": ""Alibaba""}","{""completion_tokens"": 143, ""prompt_tokens"": 2065, ""total_tokens"": 2208}"
results/qwen3.5-27b_openrouter_all_abms_chain/04_generation_smoke_latest/abms/fauna/runs/run_20260312_093651_163548,trend,01_fauna_none_plot_rep1,fauna,plot,none,1,results/qwen3.5-27b_openrouter_all_abms_chain/04_generation_smoke_latest/abms/fauna/runs/run_20260312_093651_163548/cases/01_fauna_none_plot_rep1,results/qwen3.5-27b_openrouter_all_abms_chain/04_generation_smoke_latest/abms/fauna/runs/run_20260312_093651_163548/cases/01_fauna_none_plot_rep1/review.csv,results/qwen3.5-27b_openrouter_all_abms_chain/04_generation_smoke_latest/abms/fauna/runs/run_20260312_093651_163548/cases/01_fauna_none_plot_rep1/00_case_summary.json,results/qwen3.5-27b_openrouter_all_abms_chain/04_generation_smoke_latest/abms/fauna/runs/run_20260312_093651_163548/cases/01_fauna_none_plot_rep1/validation_state.json,results/qwen3.5-27b_openrouter_all_abms_chain/04_generation_smoke_latest/abms/fauna/runs/run_20260312_093651_163548/cases/01_fauna_none_plot_rep1/03_trends/plot_02/trend_request.json,results/qwen3.5-27b_openrouter_all_abms_chain/04_generation_smoke_latest/abms/fauna/runs/run_20260312_093651_163548/cases/01_fauna_none_plot_rep1/03_trends/plot_02/trend_trace.json,results/qwen3.5-27b_openrouter_all_abms_chain/04_generation_smoke_latest/abms/fauna/runs/run_20260312_093651_163548/cases/01_fauna_none_plot_rep1/03_trends/plot_02/trend_output.txt,results/qwen3.5-27b_openrouter_all_abms_chain/04_generation_smoke_latest/abms/fauna/runs/run_20260312_093651_163548/cases/01_fauna_none_plot_rep1/03_trends/plot_02/trend_thinking.txt,2,sum [energy] of foragers,"This plot represents the total energy available to all forager bands, reflecting their energy status which is influenced by hunting success and movement costs.",results/qwen3.5-27b_openrouter_all_abms_chain/04_generation_smoke_latest/abms/fauna/runs/run_20260312_093651_163548/cases/01_fauna_none_plot_rep1/03_trends/plot_02/trend_evidence_plot.png,,True,accepted,,true,false,false,true,,openrouter,qwen/qwen3.5-27b,AtlasCloud,,1.0,32768,2,2.0,true,1,0,3011,933ae257c5c2c7848c0e62b2c1458c816907ead7b21cf60effa6d1dbdc6842f9,2101,153,2254,1,0,false,"{""ollama_format"": {""description"": ""Structured smoke output schema for one text response."", ""properties"": {""response_text"": {""title"": ""Response Text"", ""type"": ""string""}}, ""required"": [""response_text""], ""title"": ""StructuredSmokeText"", ""type"": ""object""}, ""ollama_num_ctx"": 0, ""preserve_raw_text"": true, ""structured_output_name"": ""structured_smoke_text"", ""structured_output_schema"": {""description"": ""Structured smoke output schema for one text response."", ""properties"": {""response_text"": {""title"": ""Response Text"", ""type"": ""string""}}, ""required"": [""response_text""], ""title"": ""StructuredSmokeText"", ""type"": ""object""}, ""table_downsample_stride"": 1}","{""provider"": ""AtlasCloud""}","{""completion_tokens"": 153, ""prompt_tokens"": 2101, ""total_tokens"": 2254}"
results/qwen3.5-27b_openrouter_all_abms_chain/04_generation_smoke_latest/abms/fauna/runs/run_20260312_093651_163548,trend,01_fauna_none_plot_rep1,fauna,plot,none,1,results/qwen3.5-27b_openrouter_all_abms_chain/04_generation_smoke_latest/abms/fauna/runs/run_20260312_093651_163548/cases/01_fauna_none_plot_rep1,results/qwen3.5-27b_openrouter_all_abms_chain/04_generation_smoke_latest/abms/fauna/runs/run_20260312_093651_163548/cases/01_fauna_none_plot_rep1/review.csv,results/qwen3.5-27b_openrouter_all_abms_chain/04_generation_smoke_latest/abms/fauna/runs/run_20260312_093651_163548/cases/01_fauna_none_plot_rep1/00_case_summary.json,results/qwen3.5-27b_openrouter_all_abms_chain/04_generation_smoke_latest/abms/fauna/runs/run_20260312_093651_163548/cases/01_fauna_none_plot_rep1/validation_state.json,results/qwen3.5-27b_openrouter_all_abms_chain/04_generation_smoke_latest/abms/fauna/runs/run_20260312_093651_163548/cases/01_fauna_none_plot_rep1/03_trends/plot_03/trend_request.json,results/qwen3.5-27b_openrouter_all_abms_chain/04_generation_smoke_latest/abms/fauna/runs/run_20260312_093651_163548/cases/01_fauna_none_plot_rep1/03_trends/plot_03/trend_trace.json,results/qwen3.5-27b_openrouter_all_abms_chain/04_generation_smoke_latest/abms/fauna/runs/run_20260312_093651_163548/cases/01_fauna_none_plot_rep1/03_trends/plot_03/trend_output.txt,results/qwen3.5-27b_openrouter_all_abms_chain/04_generation_smoke_latest/abms/fauna/runs/run_20260312_093651_163548/cases/01_fauna_none_plot_rep1/03_trends/plot_03/trend_thinking.txt,3,males-killed,This plot represents the cumulative number of male prey animals hunted and killed by forager bands.,results/qwen3.5-27b_openrouter_all_abms_chain/04_generation_smoke_latest/abms/fauna/runs/run_20260312_093651_163548/cases/01_fauna_none_plot_rep1/03_trends/plot_03/trend_evidence_plot.png,,True,accepted,,true,false,false,true,,openrouter,qwen/qwen3.5-27b,AtlasCloud,,1.0,32768,2,2.0,true,1,0,2951,7555bbed37d4fe4644bf134be6f4a43680311631e5fb0d4db3d8f862a30ed975,2065,170,2235,1,0,false,"{""ollama_format"": {""description"": ""Structured smoke output schema for one text response."", ""properties"": {""response_text"": {""title"": ""Response Text"", ""type"": ""string""}}, ""required"": [""response_text""], ""title"": ""StructuredSmokeText"", ""type"": ""object""}, ""ollama_num_ctx"": 0, ""preserve_raw_text"": true, ""structured_output_name"": ""structured_smoke_text"", ""structured_output_schema"": {""description"": ""Structured smoke output schema for one text response."", ""properties"": {""response_text"": {""title"": ""Response Text"", ""type"": ""string""}}, ""required"": [""response_text""], ""title"": ""StructuredSmokeText"", ""type"": ""object""}, ""table_downsample_stride"": 1}","{""provider"": ""AtlasCloud""}","{""completion_tokens"": 170, ""prompt_tokens"": 2065, ""total_tokens"": 2235}"
results/qwen3.5-27b_openrouter_all_abms_chain/04_generation_smoke_latest/abms/fauna/runs/run_20260312_093651_163548,trend,01_fauna_none_plot_rep1,fauna,plot,none,1,results/qwen3.5-27b_openrouter_all_abms_chain/04_generation_smoke_latest/abms/fauna/runs/run_20260312_093651_163548/cases/01_fauna_none_plot_rep1,results/qwen3.5-27b_openrouter_all_abms_chain/04_generation_smoke_latest/abms/fauna/runs/run_20260312_093651_163548/cases/01_fauna_none_plot_rep1/review.csv,results/qwen3.5-27b_openrouter_all_abms_chain/04_generation_smoke_latest/abms/fauna/runs/run_20260312_093651_163548/cases/01_fauna_none_plot_rep1/00_case_summary.json,results/qwen3.5-27b_openrouter_all_abms_chain/04_generation_smoke_latest/abms/fauna/runs/run_20260312_093651_163548/cases/01_fauna_none_plot_rep1/validation_state.json,results/qwen3.5-27b_openrouter_all_abms_chain/04_generation_smoke_latest/abms/fauna/runs/run_20260312_093651_163548/cases/01_fauna_none_plot_rep1/03_trends/plot_04/trend_request.json,results/qwen3.5-27b_openrouter_all_abms_chain/04_generation_smoke_latest/abms/fauna/runs/run_20260312_093651_163548/cases/01_fauna_none_plot_rep1/03_trends/plot_04/trend_trace.json,results/qwen3.5-27b_openrouter_all_abms_chain/04_generation_smoke_latest/abms/fauna/runs/run_20260312_093651_163548/cases/01_fauna_none_plot_rep1/03_trends/plot_04/trend_output.txt,results/qwen3.5-27b_openrouter_all_abms_chain/04_generation_smoke_latest/abms/fauna/runs/run_20260312_093651_163548/cases/01_fauna_none_plot_rep1/03_trends/plot_04/trend_thinking.txt,4,females-killed,This plot represents the cumulative number of female prey animals hunted and killed by forager bands.,results/qwen3.5-27b_openrouter_all_abms_chain/04_generation_smoke_latest/abms/fauna/runs/run_20260312_093651_163548/cases/01_fauna_none_plot_rep1/03_trends/plot_04/trend_evidence_plot.png,,True,accepted,,true,false,false,true,,openrouter,qwen/qwen3.5-27b,Alibaba,,1.0,32768,2,2.0,true,1,0,2953,564060d984b9f170e47f2fb3d7911b1cc5427970db08259ff2c6293a15283156,2065,136,2201,1,0,false,"{""ollama_format"": {""description"": ""Structured smoke output schema for one text response."", ""properties"": {""response_text"": {""title"": ""Response Text"", ""type"": ""string""}}, ""required"": [""response_text""], ""title"": ""StructuredSmokeText"", ""type"": ""object""}, ""ollama_num_ctx"": 0, ""preserve_raw_text"": true, ""structured_output_name"": ""structured_smoke_text"", ""structured_output_schema"": {""description"": ""Structured smoke output schema for one text response."", ""properties"": {""response_text"": {""title"": ""Response Text"", ""type"": ""string""}}, ""required"": [""response_text""], ""title"": ""StructuredSmokeText"", ""type"": ""object""}, ""table_downsample_stride"": 1}","{""provider"": ""Alibaba""}","{""completion_tokens"": 136, ""prompt_tokens"": 2065, ""total_tokens"": 2201}"
results/qwen3.5-27b_openrouter_all_abms_chain/04_generation_smoke_latest/abms/fauna/runs/run_20260312_093651_163548,trend,01_fauna_none_plot_rep1,fauna,plot,none,1,results/qwen3.5-27b_openrouter_all_abms_chain/04_generation_smoke_latest/abms/fauna/runs/run_20260312_093651_163548/cases/01_fauna_none_plot_rep1,results/qwen3.5-27b_openrouter_all_abms_chain/04_generation_smoke_latest/abms/fauna/runs/run_20260312_093651_163548/cases/01_fauna_none_plot_rep1/review.csv,results/qwen3.5-27b_openrouter_all_abms_chain/04_generation_smoke_latest/abms/fauna/runs/run_20260312_093651_163548/cases/01_fauna_none_plot_rep1/00_case_summary.json,results/qwen3.5-27b_openrouter_all_abms_chain/04_generation_smoke_latest/abms/fauna/runs/run_20260312_093651_163548/cases/01_fauna_none_plot_rep1/validation_state.json,results/qwen3.5-27b_openrouter_all_abms_chain/04_generation_smoke_latest/abms/fauna/runs/run_20260312_093651_163548/cases/01_fauna_none_plot_rep1/03_trends/plot_05/trend_request.json,results/qwen3.5-27b_openrouter_all_abms_chain/04_generation_smoke_latest/abms/fauna/runs/run_20260312_093651_163548/cases/01_fauna_none_plot_rep1/03_trends/plot_05/trend_trace.json,results/qwen3.5-27b_openrouter_all_abms_chain/04_generation_smoke_latest/abms/fauna/runs/run_20260312_093651_163548/cases/01_fauna_none_plot_rep1/03_trends/plot_05/trend_output.txt,results/qwen3.5-27b_openrouter_all_abms_chain/04_generation_smoke_latest/abms/fauna/runs/run_20260312_093651_163548/cases/01_fauna_none_plot_rep1/03_trends/plot_05/trend_thinking.txt,5,ppfem-killed,This plot represents the cumulative number of postpartum female prey animals (females with offspring) hunted and killed by forager bands.,results/qwen3.5-27b_openrouter_all_abms_chain/04_generation_smoke_latest/abms/fauna/runs/run_20260312_093651_163548/cases/01_fauna_none_plot_rep1/03_trends/plot_05/trend_evidence_plot.png,,True,accepted,,true,false,false,true,,openrouter,qwen/qwen3.5-27b,Alibaba,,1.0,32768,2,2.0,true,1,0,2989,3ca908b054cc3bd1b978a8ba1274ccde388aba0ecbb1779571e38b5db28a7b3b,2074,165,2239,1,0,false,"{""ollama_format"": {""description"": ""Structured smoke output schema for one text response."", ""properties"": {""response_text"": {""title"": ""Response Text"", ""type"": ""string""}}, ""required"": [""response_text""], ""title"": ""StructuredSmokeText"", ""type"": ""object""}, ""ollama_num_ctx"": 0, ""preserve_raw_text"": true, ""structured_output_name"": ""structured_smoke_text"", ""structured_output_schema"": {""description"": ""Structured smoke output schema for one text response."", ""properties"": {""response_text"": {""title"": ""Response Text"", ""type"": ""string""}}, ""required"": [""response_text""], ""title"": ""StructuredSmokeText"", ""type"": ""object""}, ""table_downsample_stride"": 1}","{""provider"": ""Alibaba""}","{""completion_tokens"": 165, ""prompt_tokens"": 2074, ""total_tokens"": 2239}"
results/qwen3.5-27b_openrouter_all_abms_chain/04_generation_smoke_latest/abms/fauna/runs/run_20260312_093651_163548,trend,01_fauna_none_plot_rep1,fauna,plot,none,1,results/qwen3.5-27b_openrouter_all_abms_chain/04_generation_smoke_latest/abms/fauna/runs/run_20260312_093651_163548/cases/01_fauna_none_plot_rep1,results/qwen3.5-27b_openrouter_all_abms_chain/04_generation_smoke_latest/abms/fauna/runs/run_20260312_093651_163548/cases/01_fauna_none_plot_rep1/review.csv,results/qwen3.5-27b_openrouter_all_abms_chain/04_generation_smoke_latest/abms/fauna/runs/run_20260312_093651_163548/cases/01_fauna_none_plot_rep1/00_case_summary.json,results/qwen3.5-27b_openrouter_all_abms_chain/04_generation_smoke_latest/abms/fauna/runs/run_20260312_093651_163548/cases/01_fauna_none_plot_rep1/validation_state.json,results/qwen3.5-27b_openrouter_all_abms_chain/04_generation_smoke_latest/abms/fauna/runs/run_20260312_093651_163548/cases/01_fauna_none_plot_rep1/03_trends/plot_06/trend_request.json,results/qwen3.5-27b_openrouter_all_abms_chain/04_generation_smoke_latest/abms/fauna/runs/run_20260312_093651_163548/cases/01_fauna_none_plot_rep1/03_trends/plot_06/trend_trace.json,results/qwen3.5-27b_openrouter_all_abms_chain/04_generation_smoke_latest/abms/fauna/runs/run_20260312_093651_163548/cases/01_fauna_none_plot_rep1/03_trends/plot_06/trend_output.txt,results/qwen3.5-27b_openrouter_all_abms_chain/04_generation_smoke_latest/abms/fauna/runs/run_20260312_093651_163548/cases/01_fauna_none_plot_rep1/03_trends/plot_06/trend_thinking.txt,6,birth-count,This plot represents the cumulative number of births among the prey animal population.,results/qwen3.5-27b_openrouter_all_abms_chain/04_generation_smoke_latest/abms/fauna/runs/run_20260312_093651_163548/cases/01_fauna_none_plot_rep1/03_trends/plot_06/trend_evidence_plot.png,,True,accepted,,true,false,false,true,,openrouter,qwen/qwen3.5-27b,Alibaba,,1.0,32768,2,2.0,true,1,0,2938,d6899443cea4bed8aa3f86e0ce82f2e1a318bfbf1d5a42e38b5e072f9e79abf4,2034,180,2214,1,0,false,"{""ollama_format"": {""description"": ""Structured smoke output schema for one text response."", ""properties"": {""response_text"": {""title"": ""Response Text"", ""type"": ""string""}}, ""required"": [""response_text""], ""title"": ""StructuredSmokeText"", ""type"": ""object""}, ""ollama_num_ctx"": 0, ""preserve_raw_text"": true, ""structured_output_name"": ""structured_smoke_text"", ""structured_output_schema"": {""description"": ""Structured smoke output schema for one text response."", ""properties"": {""response_text"": {""title"": ""Response Text"", ""type"": ""string""}}, ""required"": [""response_text""], ""title"": ""StructuredSmokeText"", ""type"": ""object""}, ""table_downsample_stride"": 1}","{""provider"": ""Alibaba""}","{""completion_tokens"": 180, ""prompt_tokens"": 2034, ""total_tokens"": 2214}"
results/qwen3.5-27b_openrouter_all_abms_chain/04_generation_smoke_latest/abms/fauna/runs/run_20260312_093651_163548,trend,01_fauna_none_plot_rep1,fauna,plot,none,1,results/qwen3.5-27b_openrouter_all_abms_chain/04_generation_smoke_latest/abms/fauna/runs/run_20260312_093651_163548/cases/01_fauna_none_plot_rep1,results/qwen3.5-27b_openrouter_all_abms_chain/04_generation_smoke_latest/abms/fauna/runs/run_20260312_093651_163548/cases/01_fauna_none_plot_rep1/review.csv,results/qwen3.5-27b_openrouter_all_abms_chain/04_generation_smoke_latest/abms/fauna/runs/run_20260312_093651_163548/cases/01_fauna_none_plot_rep1/00_case_summary.json,results/qwen3.5-27b_openrouter_all_abms_chain/04_generation_smoke_latest/abms/fauna/runs/run_20260312_093651_163548/cases/01_fauna_none_plot_rep1/validation_state.json,results/qwen3.5-27b_openrouter_all_abms_chain/04_generation_smoke_latest/abms/fauna/runs/run_20260312_093651_163548/cases/01_fauna_none_plot_rep1/03_trends/plot_07/trend_request.json,results/qwen3.5-27b_openrouter_all_abms_chain/04_generation_smoke_latest/abms/fauna/runs/run_20260312_093651_163548/cases/01_fauna_none_plot_rep1/03_trends/plot_07/trend_trace.json,results/qwen3.5-27b_openrouter_all_abms_chain/04_generation_smoke_latest/abms/fauna/runs/run_20260312_093651_163548/cases/01_fauna_none_plot_rep1/03_trends/plot_07/trend_output.txt,results/qwen3.5-27b_openrouter_all_abms_chain/04_generation_smoke_latest/abms/fauna/runs/run_20260312_093651_163548/cases/01_fauna_none_plot_rep1/03_trends/plot_07/trend_thinking.txt,7,death-count,"This plot represents the cumulative number of deaths among the prey animal population, from both natural causes and predation by foragers.",results/qwen3.5-27b_openrouter_all_abms_chain/04_generation_smoke_latest/abms/fauna/runs/run_20260312_093651_163548/cases/01_fauna_none_plot_rep1/03_trends/plot_07/trend_evidence_plot.png,,True,accepted,,true,false,false,true,,openrouter,qwen/qwen3.5-27b,Alibaba,,1.0,32768,2,2.0,true,1,0,2990,746d54765db6444a743d2b1480ff7d9dc0e45f9b22c3c3fc072232aab4b7ce7c,2072,193,2265,1,0,false,"{""ollama_format"": {""description"": ""Structured smoke output schema for one text response."", ""properties"": {""response_text"": {""title"": ""Response Text"", ""type"": ""string""}}, ""required"": [""response_text""], ""title"": ""StructuredSmokeText"", ""type"": ""object""}, ""ollama_num_ctx"": 0, ""preserve_raw_text"": true, ""structured_output_name"": ""structured_smoke_text"", ""structured_output_schema"": {""description"": ""Structured smoke output schema for one text response."", ""properties"": {""response_text"": {""title"": ""Response Text"", ""type"": ""string""}}, ""required"": [""response_text""], ""title"": ""StructuredSmokeText"", ""type"": ""object""}, ""table_downsample_stride"": 1}","{""provider"": ""Alibaba""}","{""completion_tokens"": 193, ""prompt_tokens"": 2072, ""total_tokens"": 2265}"
results/qwen3.5-27b_openrouter_all_abms_chain/04_generation_smoke_latest/abms/fauna/runs/run_20260312_093651_163548,trend,01_fauna_none_plot_rep1,fauna,plot,none,1,results/qwen3.5-27b_openrouter_all_abms_chain/04_generation_smoke_latest/abms/fauna/runs/run_20260312_093651_163548/cases/01_fauna_none_plot_rep1,results/qwen3.5-27b_openrouter_all_abms_chain/04_generation_smoke_latest/abms/fauna/runs/run_20260312_093651_163548/cases/01_fauna_none_plot_rep1/review.csv,results/qwen3.5-27b_openrouter_all_abms_chain/04_generation_smoke_latest/abms/fauna/runs/run_20260312_093651_163548/cases/01_fauna_none_plot_rep1/00_case_summary.json,results/qwen3.5-27b_openrouter_all_abms_chain/04_generation_smoke_latest/abms/fauna/runs/run_20260312_093651_163548/cases/01_fauna_none_plot_rep1/validation_state.json,results/qwen3.5-27b_openrouter_all_abms_chain/04_generation_smoke_latest/abms/fauna/runs/run_20260312_093651_163548/cases/01_fauna_none_plot_rep1/03_trends/plot_08/trend_request.json,results/qwen3.5-27b_openrouter_all_abms_chain/04_generation_smoke_latest/abms/fauna/runs/run_20260312_093651_163548/cases/01_fauna_none_plot_rep1/03_trends/plot_08/trend_trace.json,results/qwen3.5-27b_openrouter_all_abms_chain/04_generation_smoke_latest/abms/fauna/runs/run_20260312_093651_163548/cases/01_fauna_none_plot_rep1/03_trends/plot_08/trend_output.txt,results/qwen3.5-27b_openrouter_all_abms_chain/04_generation_smoke_latest/abms/fauna/runs/run_20260312_093651_163548/cases/01_fauna_none_plot_rep1/03_trends/plot_08/trend_thinking.txt,8,count animals with [species = 1],This plot represents the current number of male prey animals in the simulation.,results/qwen3.5-27b_openrouter_all_abms_chain/04_generation_smoke_latest/abms/fauna/runs/run_20260312_093651_163548/cases/01_fauna_none_plot_rep1/03_trends/plot_08/trend_evidence_plot.png,,True,accepted,,true,false,false,true,,openrouter,qwen/qwen3.5-27b,AtlasCloud,,1.0,32768,2,2.0,true,1,0,2931,66a745ec4dc354cebfd4f3563f6685323ea017a9e0e3fcba57e36f81f6223cee,2061,263,2324,1,0,false,"{""ollama_format"": {""description"": ""Structured smoke output schema for one text response."", ""properties"": {""response_text"": {""title"": ""Response Text"", ""type"": ""string""}}, ""required"": [""response_text""], ""title"": ""StructuredSmokeText"", ""type"": ""object""}, ""ollama_num_ctx"": 0, ""preserve_raw_text"": true, ""structured_output_name"": ""structured_smoke_text"", ""structured_output_schema"": {""description"": ""Structured smoke output schema for one text response."", ""properties"": {""response_text"": {""title"": ""Response Text"", ""type"": ""string""}}, ""required"": [""response_text""], ""title"": ""StructuredSmokeText"", ""type"": ""object""}, ""table_downsample_stride"": 1}","{""provider"": ""AtlasCloud""}","{""completion_tokens"": 263, ""prompt_tokens"": 2061, ""total_tokens"": 2324}"
results/qwen3.5-27b_openrouter_all_abms_chain/04_generation_smoke_latest/abms/fauna/runs/run_20260312_093651_163548,trend,01_fauna_none_plot_rep1,fauna,plot,none,1,results/qwen3.5-27b_openrouter_all_abms_chain/04_generation_smoke_latest/abms/fauna/runs/run_20260312_093651_163548/cases/01_fauna_none_plot_rep1,results/qwen3.5-27b_openrouter_all_abms_chain/04_generation_smoke_latest/abms/fauna/runs/run_20260312_093651_163548/cases/01_fauna_none_plot_rep1/review.csv,results/qwen3.5-27b_openrouter_all_abms_chain/04_generation_smoke_latest/abms/fauna/runs/run_20260312_093651_163548/cases/01_fauna_none_plot_rep1/00_case_summary.json,results/qwen3.5-27b_openrouter_all_abms_chain/04_generation_smoke_latest/abms/fauna/runs/run_20260312_093651_163548/cases/01_fauna_none_plot_rep1/validation_state.json,results/qwen3.5-27b_openrouter_all_abms_chain/04_generation_smoke_latest/abms/fauna/runs/run_20260312_093651_163548/cases/01_fauna_none_plot_rep1/03_trends/plot_09/trend_request.json,results/qwen3.5-27b_openrouter_all_abms_chain/04_generation_smoke_latest/abms/fauna/runs/run_20260312_093651_163548/cases/01_fauna_none_plot_rep1/03_trends/plot_09/trend_trace.json,results/qwen3.5-27b_openrouter_all_abms_chain/04_generation_smoke_latest/abms/fauna/runs/run_20260312_093651_163548/cases/01_fauna_none_plot_rep1/03_trends/plot_09/trend_output.txt,results/qwen3.5-27b_openrouter_all_abms_chain/04_generation_smoke_latest/abms/fauna/runs/run_20260312_093651_163548/cases/01_fauna_none_plot_rep1/03_trends/plot_09/trend_thinking.txt,9,count animals with [species = 2],This plot represents the current number of female prey animals in the simulation.,results/qwen3.5-27b_openrouter_all_abms_chain/04_generation_smoke_latest/abms/fauna/runs/run_20260312_093651_163548/cases/01_fauna_none_plot_rep1/03_trends/plot_09/trend_evidence_plot.png,,True,accepted,,true,false,false,true,,openrouter,qwen/qwen3.5-27b,Alibaba,,1.0,32768,2,2.0,true,1,0,2933,692437345b4c066b3c466dda9f2661b8d0e6d87d55a4926e74bf1413a4d67e61,2061,158,2219,1,0,false,"{""ollama_format"": {""description"": ""Structured smoke output schema for one text response."", ""properties"": {""response_text"": {""title"": ""Response Text"", ""type"": ""string""}}, ""required"": [""response_text""], ""title"": ""StructuredSmokeText"", ""type"": ""object""}, ""ollama_num_ctx"": 0, ""preserve_raw_text"": true, ""structured_output_name"": ""structured_smoke_text"", ""structured_output_schema"": {""description"": ""Structured smoke output schema for one text response."", ""properties"": {""response_text"": {""title"": ""Response Text"", ""type"": ""string""}}, ""required"": [""response_text""], ""title"": ""StructuredSmokeText"", ""type"": ""object""}, ""table_downsample_stride"": 1}","{""provider"": ""Alibaba""}","{""completion_tokens"": 158, ""prompt_tokens"": 2061, ""total_tokens"": 2219}"
results/qwen3.5-27b_openrouter_all_abms_chain/04_generation_smoke_latest/abms/fauna/runs/run_20260312_093651_163548,trend,01_fauna_none_plot_rep1,fauna,plot,none,1,results/qwen3.5-27b_openrouter_all_abms_chain/04_generation_smoke_latest/abms/fauna/runs/run_20260312_093651_163548/cases/01_fauna_none_plot_rep1,results/qwen3.5-27b_openrouter_all_abms_chain/04_generation_smoke_latest/abms/fauna/runs/run_20260312_093651_163548/cases/01_fauna_none_plot_rep1/review.csv,results/qwen3.5-27b_openrouter_all_abms_chain/04_generation_smoke_latest/abms/fauna/runs/run_20260312_093651_163548/cases/01_fauna_none_plot_rep1/00_case_summary.json,results/qwen3.5-27b_openrouter_all_abms_chain/04_generation_smoke_latest/abms/fauna/runs/run_20260312_093651_163548/cases/01_fauna_none_plot_rep1/validation_state.json,results/qwen3.5-27b_openrouter_all_abms_chain/04_generation_smoke_latest/abms/fauna/runs/run_20260312_093651_163548/cases/01_fauna_none_plot_rep1/03_trends/plot_10/trend_request.json,results/qwen3.5-27b_openrouter_all_abms_chain/04_generation_smoke_latest/abms/fauna/runs/run_20260312_093651_163548/cases/01_fauna_none_plot_rep1/03_trends/plot_10/trend_trace.json,results/qwen3.5-27b_openrouter_all_abms_chain/04_generation_smoke_latest/abms/fauna/runs/run_20260312_093651_163548/cases/01_fauna_none_plot_rep1/03_trends/plot_10/trend_output.txt,results/qwen3.5-27b_openrouter_all_abms_chain/04_generation_smoke_latest/abms/fauna/runs/run_20260312_093651_163548/cases/01_fauna_none_plot_rep1/03_trends/plot_10/trend_thinking.txt,10,count animals,This plot represents the current total number of all prey animals (both males and females) in the simulation.,results/qwen3.5-27b_openrouter_all_abms_chain/04_generation_smoke_latest/abms/fauna/runs/run_20260312_093651_163548/cases/01_fauna_none_plot_rep1/03_trends/plot_10/trend_evidence_plot.png,,True,accepted,,true,false,false,true,,openrouter,qwen/qwen3.5-27b,Alibaba,,1.0,32768,2,2.0,true,1,0,2961,4959d700ad585685d86b34ce3d66f5287abca06eeef1c6581adfd20d917f30da,2068,158,2226,1,0,false,"{""ollama_format"": {""description"": ""Structured smoke output schema for one text response."", ""properties"": {""response_text"": {""title"": ""Response Text"", ""type"": ""string""}}, ""required"": [""response_text""], ""title"": ""StructuredSmokeText"", ""type"": ""object""}, ""ollama_num_ctx"": 0, ""preserve_raw_text"": true, ""structured_output_name"": ""structured_smoke_text"", ""structured_output_schema"": {""description"": ""Structured smoke output schema for one text response."", ""properties"": {""response_text"": {""title"": ""Response Text"", ""type"": ""string""}}, ""required"": [""response_text""], ""title"": ""StructuredSmokeText"", ""type"": ""object""}, ""table_downsample_stride"": 1}","{""provider"": ""Alibaba""}","{""completion_tokens"": 158, ""prompt_tokens"": 2068, ""total_tokens"": 2226}"
results/qwen3.5-27b_openrouter_all_abms_chain/04_generation_smoke_latest/abms/fauna/runs/run_20260312_093651_163548,trend,01_fauna_none_plot_rep1,fauna,plot,none,1,results/qwen3.5-27b_openrouter_all_abms_chain/04_generation_smoke_latest/abms/fauna/runs/run_20260312_093651_163548/cases/01_fauna_none_plot_rep1,results/qwen3.5-27b_openrouter_all_abms_chain/04_generation_smoke_latest/abms/fauna/runs/run_20260312_093651_163548/cases/01_fauna_none_plot_rep1/review.csv,results/qwen3.5-27b_openrouter_all_abms_chain/04_generation_smoke_latest/abms/fauna/runs/run_20260312_093651_163548/cases/01_fauna_none_plot_rep1/00_case_summary.json,results/qwen3.5-27b_openrouter_all_abms_chain/04_generation_smoke_latest/abms/fauna/runs/run_20260312_093651_163548/cases/01_fauna_none_plot_rep1/validation_state.json,results/qwen3.5-27b_openrouter_all_abms_chain/04_generation_smoke_latest/abms/fauna/runs/run_20260312_093651_163548/cases/01_fauna_none_plot_rep1/03_trends/plot_11/trend_request.json,results/qwen3.5-27b_openrouter_all_abms_chain/04_generation_smoke_latest/abms/fauna/runs/run_20260312_093651_163548/cases/01_fauna_none_plot_rep1/03_trends/plot_11/trend_trace.json,results/qwen3.5-27b_openrouter_all_abms_chain/04_generation_smoke_latest/abms/fauna/runs/run_20260312_093651_163548/cases/01_fauna_none_plot_rep1/03_trends/plot_11/trend_output.txt,results/qwen3.5-27b_openrouter_all_abms_chain/04_generation_smoke_latest/abms/fauna/runs/run_20260312_093651_163548/cases/01_fauna_none_plot_rep1/03_trends/plot_11/trend_thinking.txt,11,sum [energy] of animals with [species = 1],This plot represents the combined total energy available in the population of male prey animals.,results/qwen3.5-27b_openrouter_all_abms_chain/04_generation_smoke_latest/abms/fauna/runs/run_20260312_093651_163548/cases/01_fauna_none_plot_rep1/03_trends/plot_11/trend_evidence_plot.png,,True,accepted,,true,false,false,true,,openrouter,qwen/qwen3.5-27b,Alibaba,,1.0,32768,2,2.0,true,1,0,2948,0c2ac41e898ba67c210f349dd362021ea4b7236d4d9d3e6518518be816c0540f,2063,336,2399,1,0,false,"{""ollama_format"": {""description"": ""Structured smoke output schema for one text response."", ""properties"": {""response_text"": {""title"": ""Response Text"", ""type"": ""string""}}, ""required"": [""response_text""], ""title"": ""StructuredSmokeText"", ""type"": ""object""}, ""ollama_num_ctx"": 0, ""preserve_raw_text"": true, ""structured_output_name"": ""structured_smoke_text"", ""structured_output_schema"": {""description"": ""Structured smoke output schema for one text response."", ""properties"": {""response_text"": {""title"": ""Response Text"", ""type"": ""string""}}, ""required"": [""response_text""], ""title"": ""StructuredSmokeText"", ""type"": ""object""}, ""table_downsample_stride"": 1}","{""provider"": ""Alibaba""}","{""completion_tokens"": 336, ""prompt_tokens"": 2063, ""total_tokens"": 2399}"
results/qwen3.5-27b_openrouter_all_abms_chain/04_generation_smoke_latest/abms/fauna/runs/run_20260312_093651_163548,trend,01_fauna_none_plot_rep1,fauna,plot,none,1,results/qwen3.5-27b_openrouter_all_abms_chain/04_generation_smoke_latest/abms/fauna/runs/run_20260312_093651_163548/cases/01_fauna_none_plot_rep1,results/qwen3.5-27b_openrouter_all_abms_chain/04_generation_smoke_latest/abms/fauna/runs/run_20260312_093651_163548/cases/01_fauna_none_plot_rep1/review.csv,results/qwen3.5-27b_openrouter_all_abms_chain/04_generation_smoke_latest/abms/fauna/runs/run_20260312_093651_163548/cases/01_fauna_none_plot_rep1/00_case_summary.json,results/qwen3.5-27b_openrouter_all_abms_chain/04_generation_smoke_latest/abms/fauna/runs/run_20260312_093651_163548/cases/01_fauna_none_plot_rep1/validation_state.json,results/qwen3.5-27b_openrouter_all_abms_chain/04_generation_smoke_latest/abms/fauna/runs/run_20260312_093651_163548/cases/01_fauna_none_plot_rep1/03_trends/plot_12/trend_request.json,results/qwen3.5-27b_openrouter_all_abms_chain/04_generation_smoke_latest/abms/fauna/runs/run_20260312_093651_163548/cases/01_fauna_none_plot_rep1/03_trends/plot_12/trend_trace.json,results/qwen3.5-27b_openrouter_all_abms_chain/04_generation_smoke_latest/abms/fauna/runs/run_20260312_093651_163548/cases/01_fauna_none_plot_rep1/03_trends/plot_12/trend_output.txt,results/qwen3.5-27b_openrouter_all_abms_chain/04_generation_smoke_latest/abms/fauna/runs/run_20260312_093651_163548/cases/01_fauna_none_plot_rep1/03_trends/plot_12/trend_thinking.txt,12,sum [energy] of animals with [species = 2],This plot represents the combined total energy available in the population of female prey animals.,results/qwen3.5-27b_openrouter_all_abms_chain/04_generation_smoke_latest/abms/fauna/runs/run_20260312_093651_163548/cases/01_fauna_none_plot_rep1/03_trends/plot_12/trend_evidence_plot.png,,True,accepted,,true,false,false,true,,openrouter,qwen/qwen3.5-27b,Alibaba,,1.0,32768,2,2.0,true,1,0,2950,b3408ba2c49339075cc17ce0e2513f2e90069d9d4a58f45b4e14dee735e50bc4,2063,165,2228,1,0,false,"{""ollama_format"": {""description"": ""Structured smoke output schema for one text response."", ""properties"": {""response_text"": {""title"": ""Response Text"", ""type"": ""string""}}, ""required"": [""response_text""], ""title"": ""StructuredSmokeText"", ""type"": ""object""}, ""ollama_num_ctx"": 0, ""preserve_raw_text"": true, ""structured_output_name"": ""structured_smoke_text"", ""structured_output_schema"": {""description"": ""Structured smoke output schema for one text response."", ""properties"": {""response_text"": {""title"": ""Response Text"", ""type"": ""string""}}, ""required"": [""response_text""], ""title"": ""StructuredSmokeText"", ""type"": ""object""}, ""table_downsample_stride"": 1}","{""provider"": ""Alibaba""}","{""completion_tokens"": 165, ""prompt_tokens"": 2063, ""total_tokens"": 2228}"
results/qwen3.5-27b_openrouter_all_abms_chain/04_generation_smoke_latest/abms/fauna/runs/run_20260312_093651_163548,trend,01_fauna_none_plot_rep1,fauna,plot,none,1,results/qwen3.5-27b_openrouter_all_abms_chain/04_generation_smoke_latest/abms/fauna/runs/run_20260312_093651_163548/cases/01_fauna_none_plot_rep1,results/qwen3.5-27b_openrouter_all_abms_chain/04_generation_smoke_latest/abms/fauna/runs/run_20260312_093651_163548/cases/01_fauna_none_plot_rep1/review.csv,results/qwen3.5-27b_openrouter_all_abms_chain/04_generation_smoke_latest/abms/fauna/runs/run_20260312_093651_163548/cases/01_fauna_none_plot_rep1/00_case_summary.json,results/qwen3.5-27b_openrouter_all_abms_chain/04_generation_smoke_latest/abms/fauna/runs/run_20260312_093651_163548/cases/01_fauna_none_plot_rep1/validation_state.json,results/qwen3.5-27b_openrouter_all_abms_chain/04_generation_smoke_latest/abms/fauna/runs/run_20260312_093651_163548/cases/01_fauna_none_plot_rep1/03_trends/plot_13/trend_request.json,results/qwen3.5-27b_openrouter_all_abms_chain/04_generation_smoke_latest/abms/fauna/runs/run_20260312_093651_163548/cases/01_fauna_none_plot_rep1/03_trends/plot_13/trend_trace.json,results/qwen3.5-27b_openrouter_all_abms_chain/04_generation_smoke_latest/abms/fauna/runs/run_20260312_093651_163548/cases/01_fauna_none_plot_rep1/03_trends/plot_13/trend_output.txt,results/qwen3.5-27b_openrouter_all_abms_chain/04_generation_smoke_latest/abms/fauna/runs/run_20260312_093651_163548/cases/01_fauna_none_plot_rep1/03_trends/plot_13/trend_thinking.txt,13,sum [energy] of animals,This plot represents the combined total energy available in all prey animals within the simulation.,results/qwen3.5-27b_openrouter_all_abms_chain/04_generation_smoke_latest/abms/fauna/runs/run_20260312_093651_163548/cases/01_fauna_none_plot_rep1/03_trends/plot_13/trend_evidence_plot.png,,True,accepted,,true,false,false,true,,openrouter,qwen/qwen3.5-27b,Alibaba,,1.0,32768,2,2.0,true,1,0,2951,1a98a1eba75a7ae525197e292009552778490d1af35b8a94ad49c1929957eec4,2063,214,2277,1,0,false,"{""ollama_format"": {""description"": ""Structured smoke output schema for one text response."", ""properties"": {""response_text"": {""title"": ""Response Text"", ""type"": ""string""}}, ""required"": [""response_text""], ""title"": ""StructuredSmokeText"", ""type"": ""object""}, ""ollama_num_ctx"": 0, ""preserve_raw_text"": true, ""structured_output_name"": ""structured_smoke_text"", ""structured_output_schema"": {""description"": ""Structured smoke output schema for one text response."", ""properties"": {""response_text"": {""title"": ""Response Text"", ""type"": ""string""}}, ""required"": [""response_text""], ""title"": ""StructuredSmokeText"", ""type"": ""object""}, ""table_downsample_stride"": 1}","{""provider"": ""Alibaba""}","{""completion_tokens"": 214, ""prompt_tokens"": 2063, ""total_tokens"": 2277}"
results/qwen3.5-27b_openrouter_all_abms_chain/04_generation_smoke_latest/abms/fauna/runs/run_20260312_093651_163548,trend,01_fauna_none_plot_rep1,fauna,plot,none,1,results/qwen3.5-27b_openrouter_all_abms_chain/04_generation_smoke_latest/abms/fauna/runs/run_20260312_093651_163548/cases/01_fauna_none_plot_rep1,results/qwen3.5-27b_openrouter_all_abms_chain/04_generation_smoke_latest/abms/fauna/runs/run_20260312_093651_163548/cases/01_fauna_none_plot_rep1/review.csv,results/qwen3.5-27b_openrouter_all_abms_chain/04_generation_smoke_latest/abms/fauna/runs/run_20260312_093651_163548/cases/01_fauna_none_plot_rep1/00_case_summary.json,results/qwen3.5-27b_openrouter_all_abms_chain/04_generation_smoke_latest/abms/fauna/runs/run_20260312_093651_163548/cases/01_fauna_none_plot_rep1/validation_state.json,results/qwen3.5-27b_openrouter_all_abms_chain/04_generation_smoke_latest/abms/fauna/runs/run_20260312_093651_163548/cases/01_fauna_none_plot_rep1/03_trends/plot_14/trend_request.json,results/qwen3.5-27b_openrouter_all_abms_chain/04_generation_smoke_latest/abms/fauna/runs/run_20260312_093651_163548/cases/01_fauna_none_plot_rep1/03_trends/plot_14/trend_trace.json,results/qwen3.5-27b_openrouter_all_abms_chain/04_generation_smoke_latest/abms/fauna/runs/run_20260312_093651_163548/cases/01_fauna_none_plot_rep1/03_trends/plot_14/trend_output.txt,results/qwen3.5-27b_openrouter_all_abms_chain/04_generation_smoke_latest/abms/fauna/runs/run_20260312_093651_163548/cases/01_fauna_none_plot_rep1/03_trends/plot_14/trend_thinking.txt,14,( ( count patches with [ pcolor = green ] ) / ( count patches ) ) * 100,"This plot represents the percentage of landscape patches that are currently vegetated (i.e., green), indicating the availability of fodder (grass) for the prey animals.",results/qwen3.5-27b_openrouter_all_abms_chain/04_generation_smoke_latest/abms/fauna/runs/run_20260312_093651_163548/cases/01_fauna_none_plot_rep1/03_trends/plot_14/trend_evidence_plot.png,,True,accepted,,true,false,false,true,,openrouter,qwen/qwen3.5-27b,Alibaba,,1.0,32768,2,2.0,true,1,0,3020,ef87b3cfc92ce0e9217f16b557371548de95389a51e1a617a2f8172d062acbe1,2052,232,2284,1,0,false,"{""ollama_format"": {""description"": ""Structured smoke output schema for one text response."", ""properties"": {""response_text"": {""title"": ""Response Text"", ""type"": ""string""}}, ""required"": [""response_text""], ""title"": ""StructuredSmokeText"", ""type"": ""object""}, ""ollama_num_ctx"": 0, ""preserve_raw_text"": true, ""structured_output_name"": ""structured_smoke_text"", ""structured_output_schema"": {""description"": ""Structured smoke output schema for one text response."", ""properties"": {""response_text"": {""title"": ""Response Text"", ""type"": ""string""}}, ""required"": [""response_text""], ""title"": ""StructuredSmokeText"", ""type"": ""object""}, ""table_downsample_stride"": 1}","{""provider"": ""Alibaba""}","{""completion_tokens"": 232, ""prompt_tokens"": 2052, ""total_tokens"": 2284}"
