case_id,abm,evidence_mode,prompt_variant,repetition,case_dir,case_summary_path,review_csv_path,validation_state_path,success,resumed_from_existing,error
01_milk_consumption_none_plot_rep1,milk_consumption,plot,none,1,results/qwen3.5-27b_openrouter_all_abms_chain/04_generation_smoke_latest/abms/milk_consumption/runs/run_20260312_111830_338495/cases/01_milk_consumption_none_plot_rep1,results/qwen3.5-27b_openrouter_all_abms_chain/04_generation_smoke_latest/abms/milk_consumption/runs/run_20260312_111830_338495/cases/01_milk_consumption_none_plot_rep1/00_case_summary.json,results/qwen3.5-27b_openrouter_all_abms_chain/04_generation_smoke_latest/abms/milk_consumption/runs/run_20260312_111830_338495/cases/01_milk_consumption_none_plot_rep1/review.csv,results/qwen3.5-27b_openrouter_all_abms_chain/04_generation_smoke_latest/abms/milk_consumption/runs/run_20260312_111830_338495/cases/01_milk_consumption_none_plot_rep1/validation_state.json,True,False,
02_milk_consumption_none_table_rep1,milk_consumption,table,none,1,results/qwen3.5-27b_openrouter_all_abms_chain/04_generation_smoke_latest/abms/milk_consumption/runs/run_20260312_111830_338495/cases/02_milk_consumption_none_table_rep1,results/qwen3.5-27b_openrouter_all_abms_chain/04_generation_smoke_latest/abms/milk_consumption/runs/run_20260312_111830_338495/cases/02_milk_consumption_none_table_rep1/00_case_summary.json,results/qwen3.5-27b_openrouter_all_abms_chain/04_generation_smoke_latest/abms/milk_consumption/runs/run_20260312_111830_338495/cases/02_milk_consumption_none_table_rep1/review.csv,results/qwen3.5-27b_openrouter_all_abms_chain/04_generation_smoke_latest/abms/milk_consumption/runs/run_20260312_111830_338495/cases/02_milk_consumption_none_table_rep1/validation_state.json,True,False,
03_milk_consumption_none_plot_plus_table_rep1,milk_consumption,plot+table,none,1,results/qwen3.5-27b_openrouter_all_abms_chain/04_generation_smoke_latest/abms/milk_consumption/runs/run_20260312_111830_338495/cases/03_milk_consumption_none_plot_plus_table_rep1,results/qwen3.5-27b_openrouter_all_abms_chain/04_generation_smoke_latest/abms/milk_consumption/runs/run_20260312_111830_338495/cases/03_milk_consumption_none_plot_plus_table_rep1/00_case_summary.json,results/qwen3.5-27b_openrouter_all_abms_chain/04_generation_smoke_latest/abms/milk_consumption/runs/run_20260312_111830_338495/cases/03_milk_consumption_none_plot_plus_table_rep1/review.csv,results/qwen3.5-27b_openrouter_all_abms_chain/04_generation_smoke_latest/abms/milk_consumption/runs/run_20260312_111830_338495/cases/03_milk_consumption_none_plot_plus_table_rep1/validation_state.json,True,False,
04_milk_consumption_role_plot_rep1,milk_consumption,plot,role,1,results/qwen3.5-27b_openrouter_all_abms_chain/04_generation_smoke_latest/abms/milk_consumption/runs/run_20260312_111830_338495/cases/04_milk_consumption_role_plot_rep1,results/qwen3.5-27b_openrouter_all_abms_chain/04_generation_smoke_latest/abms/milk_consumption/runs/run_20260312_111830_338495/cases/04_milk_consumption_role_plot_rep1/00_case_summary.json,results/qwen3.5-27b_openrouter_all_abms_chain/04_generation_smoke_latest/abms/milk_consumption/runs/run_20260312_111830_338495/cases/04_milk_consumption_role_plot_rep1/review.csv,results/qwen3.5-27b_openrouter_all_abms_chain/04_generation_smoke_latest/abms/milk_consumption/runs/run_20260312_111830_338495/cases/04_milk_consumption_role_plot_rep1/validation_state.json,True,False,
05_milk_consumption_role_table_rep1,milk_consumption,table,role,1,results/qwen3.5-27b_openrouter_all_abms_chain/04_generation_smoke_latest/abms/milk_consumption/runs/run_20260312_111830_338495/cases/05_milk_consumption_role_table_rep1,results/qwen3.5-27b_openrouter_all_abms_chain/04_generation_smoke_latest/abms/milk_consumption/runs/run_20260312_111830_338495/cases/05_milk_consumption_role_table_rep1/00_case_summary.json,results/qwen3.5-27b_openrouter_all_abms_chain/04_generation_smoke_latest/abms/milk_consumption/runs/run_20260312_111830_338495/cases/05_milk_consumption_role_table_rep1/review.csv,results/qwen3.5-27b_openrouter_all_abms_chain/04_generation_smoke_latest/abms/milk_consumption/runs/run_20260312_111830_338495/cases/05_milk_consumption_role_table_rep1/validation_state.json,True,False,
06_milk_consumption_role_plot_plus_table_rep1,milk_consumption,plot+table,role,1,results/qwen3.5-27b_openrouter_all_abms_chain/04_generation_smoke_latest/abms/milk_consumption/runs/run_20260312_111830_338495/cases/06_milk_consumption_role_plot_plus_table_rep1,results/qwen3.5-27b_openrouter_all_abms_chain/04_generation_smoke_latest/abms/milk_consumption/runs/run_20260312_111830_338495/cases/06_milk_consumption_role_plot_plus_table_rep1/00_case_summary.json,results/qwen3.5-27b_openrouter_all_abms_chain/04_generation_smoke_latest/abms/milk_consumption/runs/run_20260312_111830_338495/cases/06_milk_consumption_role_plot_plus_table_rep1/review.csv,results/qwen3.5-27b_openrouter_all_abms_chain/04_generation_smoke_latest/abms/milk_consumption/runs/run_20260312_111830_338495/cases/06_milk_consumption_role_plot_plus_table_rep1/validation_state.json,True,False,
07_milk_consumption_insights_plot_rep1,milk_consumption,plot,insights,1,results/qwen3.5-27b_openrouter_all_abms_chain/04_generation_smoke_latest/abms/milk_consumption/runs/run_20260312_111830_338495/cases/07_milk_consumption_insights_plot_rep1,results/qwen3.5-27b_openrouter_all_abms_chain/04_generation_smoke_latest/abms/milk_consumption/runs/run_20260312_111830_338495/cases/07_milk_consumption_insights_plot_rep1/00_case_summary.json,results/qwen3.5-27b_openrouter_all_abms_chain/04_generation_smoke_latest/abms/milk_consumption/runs/run_20260312_111830_338495/cases/07_milk_consumption_insights_plot_rep1/review.csv,results/qwen3.5-27b_openrouter_all_abms_chain/04_generation_smoke_latest/abms/milk_consumption/runs/run_20260312_111830_338495/cases/07_milk_consumption_insights_plot_rep1/validation_state.json,True,False,
08_milk_consumption_insights_table_rep1,milk_consumption,table,insights,1,results/qwen3.5-27b_openrouter_all_abms_chain/04_generation_smoke_latest/abms/milk_consumption/runs/run_20260312_111830_338495/cases/08_milk_consumption_insights_table_rep1,results/qwen3.5-27b_openrouter_all_abms_chain/04_generation_smoke_latest/abms/milk_consumption/runs/run_20260312_111830_338495/cases/08_milk_consumption_insights_table_rep1/00_case_summary.json,results/qwen3.5-27b_openrouter_all_abms_chain/04_generation_smoke_latest/abms/milk_consumption/runs/run_20260312_111830_338495/cases/08_milk_consumption_insights_table_rep1/review.csv,results/qwen3.5-27b_openrouter_all_abms_chain/04_generation_smoke_latest/abms/milk_consumption/runs/run_20260312_111830_338495/cases/08_milk_consumption_insights_table_rep1/validation_state.json,True,False,
09_milk_consumption_insights_plot_plus_table_rep1,milk_consumption,plot+table,insights,1,results/qwen3.5-27b_openrouter_all_abms_chain/04_generation_smoke_latest/abms/milk_consumption/runs/run_20260312_111830_338495/cases/09_milk_consumption_insights_plot_plus_table_rep1,results/qwen3.5-27b_openrouter_all_abms_chain/04_generation_smoke_latest/abms/milk_consumption/runs/run_20260312_111830_338495/cases/09_milk_consumption_insights_plot_plus_table_rep1/00_case_summary.json,results/qwen3.5-27b_openrouter_all_abms_chain/04_generation_smoke_latest/abms/milk_consumption/runs/run_20260312_111830_338495/cases/09_milk_consumption_insights_plot_plus_table_rep1/review.csv,results/qwen3.5-27b_openrouter_all_abms_chain/04_generation_smoke_latest/abms/milk_consumption/runs/run_20260312_111830_338495/cases/09_milk_consumption_insights_plot_plus_table_rep1/validation_state.json,True,False,
10_milk_consumption_example_plot_rep1,milk_consumption,plot,example,1,results/qwen3.5-27b_openrouter_all_abms_chain/04_generation_smoke_latest/abms/milk_consumption/runs/run_20260312_111830_338495/cases/10_milk_consumption_example_plot_rep1,results/qwen3.5-27b_openrouter_all_abms_chain/04_generation_smoke_latest/abms/milk_consumption/runs/run_20260312_111830_338495/cases/10_milk_consumption_example_plot_rep1/00_case_summary.json,results/qwen3.5-27b_openrouter_all_abms_chain/04_generation_smoke_latest/abms/milk_consumption/runs/run_20260312_111830_338495/cases/10_milk_consumption_example_plot_rep1/review.csv,results/qwen3.5-27b_openrouter_all_abms_chain/04_generation_smoke_latest/abms/milk_consumption/runs/run_20260312_111830_338495/cases/10_milk_consumption_example_plot_rep1/validation_state.json,True,False,
11_milk_consumption_example_table_rep1,milk_consumption,table,example,1,results/qwen3.5-27b_openrouter_all_abms_chain/04_generation_smoke_latest/abms/milk_consumption/runs/run_20260312_111830_338495/cases/11_milk_consumption_example_table_rep1,results/qwen3.5-27b_openrouter_all_abms_chain/04_generation_smoke_latest/abms/milk_consumption/runs/run_20260312_111830_338495/cases/11_milk_consumption_example_table_rep1/00_case_summary.json,results/qwen3.5-27b_openrouter_all_abms_chain/04_generation_smoke_latest/abms/milk_consumption/runs/run_20260312_111830_338495/cases/11_milk_consumption_example_table_rep1/review.csv,results/qwen3.5-27b_openrouter_all_abms_chain/04_generation_smoke_latest/abms/milk_consumption/runs/run_20260312_111830_338495/cases/11_milk_consumption_example_table_rep1/validation_state.json,True,False,
12_milk_consumption_example_plot_plus_table_rep1,milk_consumption,plot+table,example,1,results/qwen3.5-27b_openrouter_all_abms_chain/04_generation_smoke_latest/abms/milk_consumption/runs/run_20260312_111830_338495/cases/12_milk_consumption_example_plot_plus_table_rep1,results/qwen3.5-27b_openrouter_all_abms_chain/04_generation_smoke_latest/abms/milk_consumption/runs/run_20260312_111830_338495/cases/12_milk_consumption_example_plot_plus_table_rep1/00_case_summary.json,results/qwen3.5-27b_openrouter_all_abms_chain/04_generation_smoke_latest/abms/milk_consumption/runs/run_20260312_111830_338495/cases/12_milk_consumption_example_plot_plus_table_rep1/review.csv,results/qwen3.5-27b_openrouter_all_abms_chain/04_generation_smoke_latest/abms/milk_consumption/runs/run_20260312_111830_338495/cases/12_milk_consumption_example_plot_plus_table_rep1/validation_state.json,True,False,
13_milk_consumption_role+example_plot_rep1,milk_consumption,plot,role+example,1,results/qwen3.5-27b_openrouter_all_abms_chain/04_generation_smoke_latest/abms/milk_consumption/runs/run_20260312_111830_338495/cases/13_milk_consumption_role+example_plot_rep1,results/qwen3.5-27b_openrouter_all_abms_chain/04_generation_smoke_latest/abms/milk_consumption/runs/run_20260312_111830_338495/cases/13_milk_consumption_role+example_plot_rep1/00_case_summary.json,results/qwen3.5-27b_openrouter_all_abms_chain/04_generation_smoke_latest/abms/milk_consumption/runs/run_20260312_111830_338495/cases/13_milk_consumption_role+example_plot_rep1/review.csv,results/qwen3.5-27b_openrouter_all_abms_chain/04_generation_smoke_latest/abms/milk_consumption/runs/run_20260312_111830_338495/cases/13_milk_consumption_role+example_plot_rep1/validation_state.json,True,False,
14_milk_consumption_role+example_table_rep1,milk_consumption,table,role+example,1,results/qwen3.5-27b_openrouter_all_abms_chain/04_generation_smoke_latest/abms/milk_consumption/runs/run_20260312_111830_338495/cases/14_milk_consumption_role+example_table_rep1,results/qwen3.5-27b_openrouter_all_abms_chain/04_generation_smoke_latest/abms/milk_consumption/runs/run_20260312_111830_338495/cases/14_milk_consumption_role+example_table_rep1/00_case_summary.json,results/qwen3.5-27b_openrouter_all_abms_chain/04_generation_smoke_latest/abms/milk_consumption/runs/run_20260312_111830_338495/cases/14_milk_consumption_role+example_table_rep1/review.csv,results/qwen3.5-27b_openrouter_all_abms_chain/04_generation_smoke_latest/abms/milk_consumption/runs/run_20260312_111830_338495/cases/14_milk_consumption_role+example_table_rep1/validation_state.json,True,False,
15_milk_consumption_role+example_plot_plus_table_rep1,milk_consumption,plot+table,role+example,1,results/qwen3.5-27b_openrouter_all_abms_chain/04_generation_smoke_latest/abms/milk_consumption/runs/run_20260312_111830_338495/cases/15_milk_consumption_role+example_plot_plus_table_rep1,results/qwen3.5-27b_openrouter_all_abms_chain/04_generation_smoke_latest/abms/milk_consumption/runs/run_20260312_111830_338495/cases/15_milk_consumption_role+example_plot_plus_table_rep1/00_case_summary.json,results/qwen3.5-27b_openrouter_all_abms_chain/04_generation_smoke_latest/abms/milk_consumption/runs/run_20260312_111830_338495/cases/15_milk_consumption_role+example_plot_plus_table_rep1/review.csv,results/qwen3.5-27b_openrouter_all_abms_chain/04_generation_smoke_latest/abms/milk_consumption/runs/run_20260312_111830_338495/cases/15_milk_consumption_role+example_plot_plus_table_rep1/validation_state.json,True,False,
16_milk_consumption_role+insights_plot_rep1,milk_consumption,plot,role+insights,1,results/qwen3.5-27b_openrouter_all_abms_chain/04_generation_smoke_latest/abms/milk_consumption/runs/run_20260312_111830_338495/cases/16_milk_consumption_role+insights_plot_rep1,results/qwen3.5-27b_openrouter_all_abms_chain/04_generation_smoke_latest/abms/milk_consumption/runs/run_20260312_111830_338495/cases/16_milk_consumption_role+insights_plot_rep1/00_case_summary.json,results/qwen3.5-27b_openrouter_all_abms_chain/04_generation_smoke_latest/abms/milk_consumption/runs/run_20260312_111830_338495/cases/16_milk_consumption_role+insights_plot_rep1/review.csv,results/qwen3.5-27b_openrouter_all_abms_chain/04_generation_smoke_latest/abms/milk_consumption/runs/run_20260312_111830_338495/cases/16_milk_consumption_role+insights_plot_rep1/validation_state.json,True,False,
17_milk_consumption_role+insights_table_rep1,milk_consumption,table,role+insights,1,results/qwen3.5-27b_openrouter_all_abms_chain/04_generation_smoke_latest/abms/milk_consumption/runs/run_20260312_111830_338495/cases/17_milk_consumption_role+insights_table_rep1,results/qwen3.5-27b_openrouter_all_abms_chain/04_generation_smoke_latest/abms/milk_consumption/runs/run_20260312_111830_338495/cases/17_milk_consumption_role+insights_table_rep1/00_case_summary.json,results/qwen3.5-27b_openrouter_all_abms_chain/04_generation_smoke_latest/abms/milk_consumption/runs/run_20260312_111830_338495/cases/17_milk_consumption_role+insights_table_rep1/review.csv,results/qwen3.5-27b_openrouter_all_abms_chain/04_generation_smoke_latest/abms/milk_consumption/runs/run_20260312_111830_338495/cases/17_milk_consumption_role+insights_table_rep1/validation_state.json,True,False,
18_milk_consumption_role+insights_plot_plus_table_rep1,milk_consumption,plot+table,role+insights,1,results/qwen3.5-27b_openrouter_all_abms_chain/04_generation_smoke_latest/abms/milk_consumption/runs/run_20260312_111830_338495/cases/18_milk_consumption_role+insights_plot_plus_table_rep1,results/qwen3.5-27b_openrouter_all_abms_chain/04_generation_smoke_latest/abms/milk_consumption/runs/run_20260312_111830_338495/cases/18_milk_consumption_role+insights_plot_plus_table_rep1/00_case_summary.json,results/qwen3.5-27b_openrouter_all_abms_chain/04_generation_smoke_latest/abms/milk_consumption/runs/run_20260312_111830_338495/cases/18_milk_consumption_role+insights_plot_plus_table_rep1/review.csv,results/qwen3.5-27b_openrouter_all_abms_chain/04_generation_smoke_latest/abms/milk_consumption/runs/run_20260312_111830_338495/cases/18_milk_consumption_role+insights_plot_plus_table_rep1/validation_state.json,True,False,
19_milk_consumption_insights+example_plot_rep1,milk_consumption,plot,insights+example,1,results/qwen3.5-27b_openrouter_all_abms_chain/04_generation_smoke_latest/abms/milk_consumption/runs/run_20260312_111830_338495/cases/19_milk_consumption_insights+example_plot_rep1,results/qwen3.5-27b_openrouter_all_abms_chain/04_generation_smoke_latest/abms/milk_consumption/runs/run_20260312_111830_338495/cases/19_milk_consumption_insights+example_plot_rep1/00_case_summary.json,results/qwen3.5-27b_openrouter_all_abms_chain/04_generation_smoke_latest/abms/milk_consumption/runs/run_20260312_111830_338495/cases/19_milk_consumption_insights+example_plot_rep1/review.csv,results/qwen3.5-27b_openrouter_all_abms_chain/04_generation_smoke_latest/abms/milk_consumption/runs/run_20260312_111830_338495/cases/19_milk_consumption_insights+example_plot_rep1/validation_state.json,True,False,
20_milk_consumption_insights+example_table_rep1,milk_consumption,table,insights+example,1,results/qwen3.5-27b_openrouter_all_abms_chain/04_generation_smoke_latest/abms/milk_consumption/runs/run_20260312_111830_338495/cases/20_milk_consumption_insights+example_table_rep1,results/qwen3.5-27b_openrouter_all_abms_chain/04_generation_smoke_latest/abms/milk_consumption/runs/run_20260312_111830_338495/cases/20_milk_consumption_insights+example_table_rep1/00_case_summary.json,results/qwen3.5-27b_openrouter_all_abms_chain/04_generation_smoke_latest/abms/milk_consumption/runs/run_20260312_111830_338495/cases/20_milk_consumption_insights+example_table_rep1/review.csv,results/qwen3.5-27b_openrouter_all_abms_chain/04_generation_smoke_latest/abms/milk_consumption/runs/run_20260312_111830_338495/cases/20_milk_consumption_insights+example_table_rep1/validation_state.json,True,False,
21_milk_consumption_insights+example_plot_plus_table_rep1,milk_consumption,plot+table,insights+example,1,results/qwen3.5-27b_openrouter_all_abms_chain/04_generation_smoke_latest/abms/milk_consumption/runs/run_20260312_111830_338495/cases/21_milk_consumption_insights+example_plot_plus_table_rep1,results/qwen3.5-27b_openrouter_all_abms_chain/04_generation_smoke_latest/abms/milk_consumption/runs/run_20260312_111830_338495/cases/21_milk_consumption_insights+example_plot_plus_table_rep1/00_case_summary.json,results/qwen3.5-27b_openrouter_all_abms_chain/04_generation_smoke_latest/abms/milk_consumption/runs/run_20260312_111830_338495/cases/21_milk_consumption_insights+example_plot_plus_table_rep1/review.csv,results/qwen3.5-27b_openrouter_all_abms_chain/04_generation_smoke_latest/abms/milk_consumption/runs/run_20260312_111830_338495/cases/21_milk_consumption_insights+example_plot_plus_table_rep1/validation_state.json,True,False,
22_milk_consumption_all_three_plot_rep1,milk_consumption,plot,all_three,1,results/qwen3.5-27b_openrouter_all_abms_chain/04_generation_smoke_latest/abms/milk_consumption/runs/run_20260312_111830_338495/cases/22_milk_consumption_all_three_plot_rep1,results/qwen3.5-27b_openrouter_all_abms_chain/04_generation_smoke_latest/abms/milk_consumption/runs/run_20260312_111830_338495/cases/22_milk_consumption_all_three_plot_rep1/00_case_summary.json,results/qwen3.5-27b_openrouter_all_abms_chain/04_generation_smoke_latest/abms/milk_consumption/runs/run_20260312_111830_338495/cases/22_milk_consumption_all_three_plot_rep1/review.csv,results/qwen3.5-27b_openrouter_all_abms_chain/04_generation_smoke_latest/abms/milk_consumption/runs/run_20260312_111830_338495/cases/22_milk_consumption_all_three_plot_rep1/validation_state.json,True,False,
23_milk_consumption_all_three_table_rep1,milk_consumption,table,all_three,1,results/qwen3.5-27b_openrouter_all_abms_chain/04_generation_smoke_latest/abms/milk_consumption/runs/run_20260312_111830_338495/cases/23_milk_consumption_all_three_table_rep1,results/qwen3.5-27b_openrouter_all_abms_chain/04_generation_smoke_latest/abms/milk_consumption/runs/run_20260312_111830_338495/cases/23_milk_consumption_all_three_table_rep1/00_case_summary.json,results/qwen3.5-27b_openrouter_all_abms_chain/04_generation_smoke_latest/abms/milk_consumption/runs/run_20260312_111830_338495/cases/23_milk_consumption_all_three_table_rep1/review.csv,results/qwen3.5-27b_openrouter_all_abms_chain/04_generation_smoke_latest/abms/milk_consumption/runs/run_20260312_111830_338495/cases/23_milk_consumption_all_three_table_rep1/validation_state.json,True,False,
24_milk_consumption_all_three_plot_plus_table_rep1,milk_consumption,plot+table,all_three,1,results/qwen3.5-27b_openrouter_all_abms_chain/04_generation_smoke_latest/abms/milk_consumption/runs/run_20260312_111830_338495/cases/24_milk_consumption_all_three_plot_plus_table_rep1,results/qwen3.5-27b_openrouter_all_abms_chain/04_generation_smoke_latest/abms/milk_consumption/runs/run_20260312_111830_338495/cases/24_milk_consumption_all_three_plot_plus_table_rep1/00_case_summary.json,results/qwen3.5-27b_openrouter_all_abms_chain/04_generation_smoke_latest/abms/milk_consumption/runs/run_20260312_111830_338495/cases/24_milk_consumption_all_three_plot_plus_table_rep1/review.csv,results/qwen3.5-27b_openrouter_all_abms_chain/04_generation_smoke_latest/abms/milk_consumption/runs/run_20260312_111830_338495/cases/24_milk_consumption_all_three_plot_plus_table_rep1/validation_state.json,True,False,
25_milk_consumption_none_plot_rep2,milk_consumption,plot,none,2,results/qwen3.5-27b_openrouter_all_abms_chain/04_generation_smoke_latest/abms/milk_consumption/runs/run_20260312_111830_338495/cases/25_milk_consumption_none_plot_rep2,results/qwen3.5-27b_openrouter_all_abms_chain/04_generation_smoke_latest/abms/milk_consumption/runs/run_20260312_111830_338495/cases/25_milk_consumption_none_plot_rep2/00_case_summary.json,results/qwen3.5-27b_openrouter_all_abms_chain/04_generation_smoke_latest/abms/milk_consumption/runs/run_20260312_111830_338495/cases/25_milk_consumption_none_plot_rep2/review.csv,results/qwen3.5-27b_openrouter_all_abms_chain/04_generation_smoke_latest/abms/milk_consumption/runs/run_20260312_111830_338495/cases/25_milk_consumption_none_plot_rep2/validation_state.json,True,False,
26_milk_consumption_none_table_rep2,milk_consumption,table,none,2,results/qwen3.5-27b_openrouter_all_abms_chain/04_generation_smoke_latest/abms/milk_consumption/runs/run_20260312_111830_338495/cases/26_milk_consumption_none_table_rep2,results/qwen3.5-27b_openrouter_all_abms_chain/04_generation_smoke_latest/abms/milk_consumption/runs/run_20260312_111830_338495/cases/26_milk_consumption_none_table_rep2/00_case_summary.json,results/qwen3.5-27b_openrouter_all_abms_chain/04_generation_smoke_latest/abms/milk_consumption/runs/run_20260312_111830_338495/cases/26_milk_consumption_none_table_rep2/review.csv,results/qwen3.5-27b_openrouter_all_abms_chain/04_generation_smoke_latest/abms/milk_consumption/runs/run_20260312_111830_338495/cases/26_milk_consumption_none_table_rep2/validation_state.json,True,False,
27_milk_consumption_none_plot_plus_table_rep2,milk_consumption,plot+table,none,2,results/qwen3.5-27b_openrouter_all_abms_chain/04_generation_smoke_latest/abms/milk_consumption/runs/run_20260312_111830_338495/cases/27_milk_consumption_none_plot_plus_table_rep2,results/qwen3.5-27b_openrouter_all_abms_chain/04_generation_smoke_latest/abms/milk_consumption/runs/run_20260312_111830_338495/cases/27_milk_consumption_none_plot_plus_table_rep2/00_case_summary.json,results/qwen3.5-27b_openrouter_all_abms_chain/04_generation_smoke_latest/abms/milk_consumption/runs/run_20260312_111830_338495/cases/27_milk_consumption_none_plot_plus_table_rep2/review.csv,results/qwen3.5-27b_openrouter_all_abms_chain/04_generation_smoke_latest/abms/milk_consumption/runs/run_20260312_111830_338495/cases/27_milk_consumption_none_plot_plus_table_rep2/validation_state.json,True,False,
28_milk_consumption_role_plot_rep2,milk_consumption,plot,role,2,results/qwen3.5-27b_openrouter_all_abms_chain/04_generation_smoke_latest/abms/milk_consumption/runs/run_20260312_111830_338495/cases/28_milk_consumption_role_plot_rep2,results/qwen3.5-27b_openrouter_all_abms_chain/04_generation_smoke_latest/abms/milk_consumption/runs/run_20260312_111830_338495/cases/28_milk_consumption_role_plot_rep2/00_case_summary.json,results/qwen3.5-27b_openrouter_all_abms_chain/04_generation_smoke_latest/abms/milk_consumption/runs/run_20260312_111830_338495/cases/28_milk_consumption_role_plot_rep2/review.csv,results/qwen3.5-27b_openrouter_all_abms_chain/04_generation_smoke_latest/abms/milk_consumption/runs/run_20260312_111830_338495/cases/28_milk_consumption_role_plot_rep2/validation_state.json,True,False,
29_milk_consumption_role_table_rep2,milk_consumption,table,role,2,results/qwen3.5-27b_openrouter_all_abms_chain/04_generation_smoke_latest/abms/milk_consumption/runs/run_20260312_111830_338495/cases/29_milk_consumption_role_table_rep2,results/qwen3.5-27b_openrouter_all_abms_chain/04_generation_smoke_latest/abms/milk_consumption/runs/run_20260312_111830_338495/cases/29_milk_consumption_role_table_rep2/00_case_summary.json,results/qwen3.5-27b_openrouter_all_abms_chain/04_generation_smoke_latest/abms/milk_consumption/runs/run_20260312_111830_338495/cases/29_milk_consumption_role_table_rep2/review.csv,results/qwen3.5-27b_openrouter_all_abms_chain/04_generation_smoke_latest/abms/milk_consumption/runs/run_20260312_111830_338495/cases/29_milk_consumption_role_table_rep2/validation_state.json,True,False,
30_milk_consumption_role_plot_plus_table_rep2,milk_consumption,plot+table,role,2,results/qwen3.5-27b_openrouter_all_abms_chain/04_generation_smoke_latest/abms/milk_consumption/runs/run_20260312_111830_338495/cases/30_milk_consumption_role_plot_plus_table_rep2,results/qwen3.5-27b_openrouter_all_abms_chain/04_generation_smoke_latest/abms/milk_consumption/runs/run_20260312_111830_338495/cases/30_milk_consumption_role_plot_plus_table_rep2/00_case_summary.json,results/qwen3.5-27b_openrouter_all_abms_chain/04_generation_smoke_latest/abms/milk_consumption/runs/run_20260312_111830_338495/cases/30_milk_consumption_role_plot_plus_table_rep2/review.csv,results/qwen3.5-27b_openrouter_all_abms_chain/04_generation_smoke_latest/abms/milk_consumption/runs/run_20260312_111830_338495/cases/30_milk_consumption_role_plot_plus_table_rep2/validation_state.json,True,False,
31_milk_consumption_insights_plot_rep2,milk_consumption,plot,insights,2,results/qwen3.5-27b_openrouter_all_abms_chain/04_generation_smoke_latest/abms/milk_consumption/runs/run_20260312_111830_338495/cases/31_milk_consumption_insights_plot_rep2,results/qwen3.5-27b_openrouter_all_abms_chain/04_generation_smoke_latest/abms/milk_consumption/runs/run_20260312_111830_338495/cases/31_milk_consumption_insights_plot_rep2/00_case_summary.json,results/qwen3.5-27b_openrouter_all_abms_chain/04_generation_smoke_latest/abms/milk_consumption/runs/run_20260312_111830_338495/cases/31_milk_consumption_insights_plot_rep2/review.csv,results/qwen3.5-27b_openrouter_all_abms_chain/04_generation_smoke_latest/abms/milk_consumption/runs/run_20260312_111830_338495/cases/31_milk_consumption_insights_plot_rep2/validation_state.json,True,False,
32_milk_consumption_insights_table_rep2,milk_consumption,table,insights,2,results/qwen3.5-27b_openrouter_all_abms_chain/04_generation_smoke_latest/abms/milk_consumption/runs/run_20260312_111830_338495/cases/32_milk_consumption_insights_table_rep2,results/qwen3.5-27b_openrouter_all_abms_chain/04_generation_smoke_latest/abms/milk_consumption/runs/run_20260312_111830_338495/cases/32_milk_consumption_insights_table_rep2/00_case_summary.json,results/qwen3.5-27b_openrouter_all_abms_chain/04_generation_smoke_latest/abms/milk_consumption/runs/run_20260312_111830_338495/cases/32_milk_consumption_insights_table_rep2/review.csv,results/qwen3.5-27b_openrouter_all_abms_chain/04_generation_smoke_latest/abms/milk_consumption/runs/run_20260312_111830_338495/cases/32_milk_consumption_insights_table_rep2/validation_state.json,True,False,
33_milk_consumption_insights_plot_plus_table_rep2,milk_consumption,plot+table,insights,2,results/qwen3.5-27b_openrouter_all_abms_chain/04_generation_smoke_latest/abms/milk_consumption/runs/run_20260312_111830_338495/cases/33_milk_consumption_insights_plot_plus_table_rep2,results/qwen3.5-27b_openrouter_all_abms_chain/04_generation_smoke_latest/abms/milk_consumption/runs/run_20260312_111830_338495/cases/33_milk_consumption_insights_plot_plus_table_rep2/00_case_summary.json,results/qwen3.5-27b_openrouter_all_abms_chain/04_generation_smoke_latest/abms/milk_consumption/runs/run_20260312_111830_338495/cases/33_milk_consumption_insights_plot_plus_table_rep2/review.csv,results/qwen3.5-27b_openrouter_all_abms_chain/04_generation_smoke_latest/abms/milk_consumption/runs/run_20260312_111830_338495/cases/33_milk_consumption_insights_plot_plus_table_rep2/validation_state.json,True,False,
34_milk_consumption_example_plot_rep2,milk_consumption,plot,example,2,results/qwen3.5-27b_openrouter_all_abms_chain/04_generation_smoke_latest/abms/milk_consumption/runs/run_20260312_111830_338495/cases/34_milk_consumption_example_plot_rep2,results/qwen3.5-27b_openrouter_all_abms_chain/04_generation_smoke_latest/abms/milk_consumption/runs/run_20260312_111830_338495/cases/34_milk_consumption_example_plot_rep2/00_case_summary.json,results/qwen3.5-27b_openrouter_all_abms_chain/04_generation_smoke_latest/abms/milk_consumption/runs/run_20260312_111830_338495/cases/34_milk_consumption_example_plot_rep2/review.csv,results/qwen3.5-27b_openrouter_all_abms_chain/04_generation_smoke_latest/abms/milk_consumption/runs/run_20260312_111830_338495/cases/34_milk_consumption_example_plot_rep2/validation_state.json,True,False,
35_milk_consumption_example_table_rep2,milk_consumption,table,example,2,results/qwen3.5-27b_openrouter_all_abms_chain/04_generation_smoke_latest/abms/milk_consumption/runs/run_20260312_111830_338495/cases/35_milk_consumption_example_table_rep2,results/qwen3.5-27b_openrouter_all_abms_chain/04_generation_smoke_latest/abms/milk_consumption/runs/run_20260312_111830_338495/cases/35_milk_consumption_example_table_rep2/00_case_summary.json,results/qwen3.5-27b_openrouter_all_abms_chain/04_generation_smoke_latest/abms/milk_consumption/runs/run_20260312_111830_338495/cases/35_milk_consumption_example_table_rep2/review.csv,results/qwen3.5-27b_openrouter_all_abms_chain/04_generation_smoke_latest/abms/milk_consumption/runs/run_20260312_111830_338495/cases/35_milk_consumption_example_table_rep2/validation_state.json,True,False,
36_milk_consumption_example_plot_plus_table_rep2,milk_consumption,plot+table,example,2,results/qwen3.5-27b_openrouter_all_abms_chain/04_generation_smoke_latest/abms/milk_consumption/runs/run_20260312_111830_338495/cases/36_milk_consumption_example_plot_plus_table_rep2,results/qwen3.5-27b_openrouter_all_abms_chain/04_generation_smoke_latest/abms/milk_consumption/runs/run_20260312_111830_338495/cases/36_milk_consumption_example_plot_plus_table_rep2/00_case_summary.json,results/qwen3.5-27b_openrouter_all_abms_chain/04_generation_smoke_latest/abms/milk_consumption/runs/run_20260312_111830_338495/cases/36_milk_consumption_example_plot_plus_table_rep2/review.csv,results/qwen3.5-27b_openrouter_all_abms_chain/04_generation_smoke_latest/abms/milk_consumption/runs/run_20260312_111830_338495/cases/36_milk_consumption_example_plot_plus_table_rep2/validation_state.json,True,False,
37_milk_consumption_role+example_plot_rep2,milk_consumption,plot,role+example,2,results/qwen3.5-27b_openrouter_all_abms_chain/04_generation_smoke_latest/abms/milk_consumption/runs/run_20260312_111830_338495/cases/37_milk_consumption_role+example_plot_rep2,results/qwen3.5-27b_openrouter_all_abms_chain/04_generation_smoke_latest/abms/milk_consumption/runs/run_20260312_111830_338495/cases/37_milk_consumption_role+example_plot_rep2/00_case_summary.json,results/qwen3.5-27b_openrouter_all_abms_chain/04_generation_smoke_latest/abms/milk_consumption/runs/run_20260312_111830_338495/cases/37_milk_consumption_role+example_plot_rep2/review.csv,results/qwen3.5-27b_openrouter_all_abms_chain/04_generation_smoke_latest/abms/milk_consumption/runs/run_20260312_111830_338495/cases/37_milk_consumption_role+example_plot_rep2/validation_state.json,True,False,
38_milk_consumption_role+example_table_rep2,milk_consumption,table,role+example,2,results/qwen3.5-27b_openrouter_all_abms_chain/04_generation_smoke_latest/abms/milk_consumption/runs/run_20260312_111830_338495/cases/38_milk_consumption_role+example_table_rep2,results/qwen3.5-27b_openrouter_all_abms_chain/04_generation_smoke_latest/abms/milk_consumption/runs/run_20260312_111830_338495/cases/38_milk_consumption_role+example_table_rep2/00_case_summary.json,results/qwen3.5-27b_openrouter_all_abms_chain/04_generation_smoke_latest/abms/milk_consumption/runs/run_20260312_111830_338495/cases/38_milk_consumption_role+example_table_rep2/review.csv,results/qwen3.5-27b_openrouter_all_abms_chain/04_generation_smoke_latest/abms/milk_consumption/runs/run_20260312_111830_338495/cases/38_milk_consumption_role+example_table_rep2/validation_state.json,True,False,
39_milk_consumption_role+example_plot_plus_table_rep2,milk_consumption,plot+table,role+example,2,results/qwen3.5-27b_openrouter_all_abms_chain/04_generation_smoke_latest/abms/milk_consumption/runs/run_20260312_111830_338495/cases/39_milk_consumption_role+example_plot_plus_table_rep2,results/qwen3.5-27b_openrouter_all_abms_chain/04_generation_smoke_latest/abms/milk_consumption/runs/run_20260312_111830_338495/cases/39_milk_consumption_role+example_plot_plus_table_rep2/00_case_summary.json,results/qwen3.5-27b_openrouter_all_abms_chain/04_generation_smoke_latest/abms/milk_consumption/runs/run_20260312_111830_338495/cases/39_milk_consumption_role+example_plot_plus_table_rep2/review.csv,results/qwen3.5-27b_openrouter_all_abms_chain/04_generation_smoke_latest/abms/milk_consumption/runs/run_20260312_111830_338495/cases/39_milk_consumption_role+example_plot_plus_table_rep2/validation_state.json,True,False,
40_milk_consumption_role+insights_plot_rep2,milk_consumption,plot,role+insights,2,results/qwen3.5-27b_openrouter_all_abms_chain/04_generation_smoke_latest/abms/milk_consumption/runs/run_20260312_111830_338495/cases/40_milk_consumption_role+insights_plot_rep2,results/qwen3.5-27b_openrouter_all_abms_chain/04_generation_smoke_latest/abms/milk_consumption/runs/run_20260312_111830_338495/cases/40_milk_consumption_role+insights_plot_rep2/00_case_summary.json,results/qwen3.5-27b_openrouter_all_abms_chain/04_generation_smoke_latest/abms/milk_consumption/runs/run_20260312_111830_338495/cases/40_milk_consumption_role+insights_plot_rep2/review.csv,results/qwen3.5-27b_openrouter_all_abms_chain/04_generation_smoke_latest/abms/milk_consumption/runs/run_20260312_111830_338495/cases/40_milk_consumption_role+insights_plot_rep2/validation_state.json,True,False,
41_milk_consumption_role+insights_table_rep2,milk_consumption,table,role+insights,2,results/qwen3.5-27b_openrouter_all_abms_chain/04_generation_smoke_latest/abms/milk_consumption/runs/run_20260312_111830_338495/cases/41_milk_consumption_role+insights_table_rep2,results/qwen3.5-27b_openrouter_all_abms_chain/04_generation_smoke_latest/abms/milk_consumption/runs/run_20260312_111830_338495/cases/41_milk_consumption_role+insights_table_rep2/00_case_summary.json,results/qwen3.5-27b_openrouter_all_abms_chain/04_generation_smoke_latest/abms/milk_consumption/runs/run_20260312_111830_338495/cases/41_milk_consumption_role+insights_table_rep2/review.csv,results/qwen3.5-27b_openrouter_all_abms_chain/04_generation_smoke_latest/abms/milk_consumption/runs/run_20260312_111830_338495/cases/41_milk_consumption_role+insights_table_rep2/validation_state.json,True,False,
42_milk_consumption_role+insights_plot_plus_table_rep2,milk_consumption,plot+table,role+insights,2,results/qwen3.5-27b_openrouter_all_abms_chain/04_generation_smoke_latest/abms/milk_consumption/runs/run_20260312_111830_338495/cases/42_milk_consumption_role+insights_plot_plus_table_rep2,results/qwen3.5-27b_openrouter_all_abms_chain/04_generation_smoke_latest/abms/milk_consumption/runs/run_20260312_111830_338495/cases/42_milk_consumption_role+insights_plot_plus_table_rep2/00_case_summary.json,results/qwen3.5-27b_openrouter_all_abms_chain/04_generation_smoke_latest/abms/milk_consumption/runs/run_20260312_111830_338495/cases/42_milk_consumption_role+insights_plot_plus_table_rep2/review.csv,results/qwen3.5-27b_openrouter_all_abms_chain/04_generation_smoke_latest/abms/milk_consumption/runs/run_20260312_111830_338495/cases/42_milk_consumption_role+insights_plot_plus_table_rep2/validation_state.json,True,False,
43_milk_consumption_insights+example_plot_rep2,milk_consumption,plot,insights+example,2,results/qwen3.5-27b_openrouter_all_abms_chain/04_generation_smoke_latest/abms/milk_consumption/runs/run_20260312_111830_338495/cases/43_milk_consumption_insights+example_plot_rep2,results/qwen3.5-27b_openrouter_all_abms_chain/04_generation_smoke_latest/abms/milk_consumption/runs/run_20260312_111830_338495/cases/43_milk_consumption_insights+example_plot_rep2/00_case_summary.json,results/qwen3.5-27b_openrouter_all_abms_chain/04_generation_smoke_latest/abms/milk_consumption/runs/run_20260312_111830_338495/cases/43_milk_consumption_insights+example_plot_rep2/review.csv,results/qwen3.5-27b_openrouter_all_abms_chain/04_generation_smoke_latest/abms/milk_consumption/runs/run_20260312_111830_338495/cases/43_milk_consumption_insights+example_plot_rep2/validation_state.json,True,False,
44_milk_consumption_insights+example_table_rep2,milk_consumption,table,insights+example,2,results/qwen3.5-27b_openrouter_all_abms_chain/04_generation_smoke_latest/abms/milk_consumption/runs/run_20260312_111830_338495/cases/44_milk_consumption_insights+example_table_rep2,results/qwen3.5-27b_openrouter_all_abms_chain/04_generation_smoke_latest/abms/milk_consumption/runs/run_20260312_111830_338495/cases/44_milk_consumption_insights+example_table_rep2/00_case_summary.json,results/qwen3.5-27b_openrouter_all_abms_chain/04_generation_smoke_latest/abms/milk_consumption/runs/run_20260312_111830_338495/cases/44_milk_consumption_insights+example_table_rep2/review.csv,results/qwen3.5-27b_openrouter_all_abms_chain/04_generation_smoke_latest/abms/milk_consumption/runs/run_20260312_111830_338495/cases/44_milk_consumption_insights+example_table_rep2/validation_state.json,True,False,
45_milk_consumption_insights+example_plot_plus_table_rep2,milk_consumption,plot+table,insights+example,2,results/qwen3.5-27b_openrouter_all_abms_chain/04_generation_smoke_latest/abms/milk_consumption/runs/run_20260312_111830_338495/cases/45_milk_consumption_insights+example_plot_plus_table_rep2,results/qwen3.5-27b_openrouter_all_abms_chain/04_generation_smoke_latest/abms/milk_consumption/runs/run_20260312_111830_338495/cases/45_milk_consumption_insights+example_plot_plus_table_rep2/00_case_summary.json,results/qwen3.5-27b_openrouter_all_abms_chain/04_generation_smoke_latest/abms/milk_consumption/runs/run_20260312_111830_338495/cases/45_milk_consumption_insights+example_plot_plus_table_rep2/review.csv,results/qwen3.5-27b_openrouter_all_abms_chain/04_generation_smoke_latest/abms/milk_consumption/runs/run_20260312_111830_338495/cases/45_milk_consumption_insights+example_plot_plus_table_rep2/validation_state.json,True,False,
46_milk_consumption_all_three_plot_rep2,milk_consumption,plot,all_three,2,results/qwen3.5-27b_openrouter_all_abms_chain/04_generation_smoke_latest/abms/milk_consumption/runs/run_20260312_111830_338495/cases/46_milk_consumption_all_three_plot_rep2,results/qwen3.5-27b_openrouter_all_abms_chain/04_generation_smoke_latest/abms/milk_consumption/runs/run_20260312_111830_338495/cases/46_milk_consumption_all_three_plot_rep2/00_case_summary.json,results/qwen3.5-27b_openrouter_all_abms_chain/04_generation_smoke_latest/abms/milk_consumption/runs/run_20260312_111830_338495/cases/46_milk_consumption_all_three_plot_rep2/review.csv,results/qwen3.5-27b_openrouter_all_abms_chain/04_generation_smoke_latest/abms/milk_consumption/runs/run_20260312_111830_338495/cases/46_milk_consumption_all_three_plot_rep2/validation_state.json,True,False,
47_milk_consumption_all_three_table_rep2,milk_consumption,table,all_three,2,results/qwen3.5-27b_openrouter_all_abms_chain/04_generation_smoke_latest/abms/milk_consumption/runs/run_20260312_111830_338495/cases/47_milk_consumption_all_three_table_rep2,results/qwen3.5-27b_openrouter_all_abms_chain/04_generation_smoke_latest/abms/milk_consumption/runs/run_20260312_111830_338495/cases/47_milk_consumption_all_three_table_rep2/00_case_summary.json,results/qwen3.5-27b_openrouter_all_abms_chain/04_generation_smoke_latest/abms/milk_consumption/runs/run_20260312_111830_338495/cases/47_milk_consumption_all_three_table_rep2/review.csv,results/qwen3.5-27b_openrouter_all_abms_chain/04_generation_smoke_latest/abms/milk_consumption/runs/run_20260312_111830_338495/cases/47_milk_consumption_all_three_table_rep2/validation_state.json,True,False,
48_milk_consumption_all_three_plot_plus_table_rep2,milk_consumption,plot+table,all_three,2,results/qwen3.5-27b_openrouter_all_abms_chain/04_generation_smoke_latest/abms/milk_consumption/runs/run_20260312_111830_338495/cases/48_milk_consumption_all_three_plot_plus_table_rep2,results/qwen3.5-27b_openrouter_all_abms_chain/04_generation_smoke_latest/abms/milk_consumption/runs/run_20260312_111830_338495/cases/48_milk_consumption_all_three_plot_plus_table_rep2/00_case_summary.json,results/qwen3.5-27b_openrouter_all_abms_chain/04_generation_smoke_latest/abms/milk_consumption/runs/run_20260312_111830_338495/cases/48_milk_consumption_all_three_plot_plus_table_rep2/review.csv,results/qwen3.5-27b_openrouter_all_abms_chain/04_generation_smoke_latest/abms/milk_consumption/runs/run_20260312_111830_338495/cases/48_milk_consumption_all_three_plot_plus_table_rep2/validation_state.json,True,False,
49_milk_consumption_none_plot_rep3,milk_consumption,plot,none,3,results/qwen3.5-27b_openrouter_all_abms_chain/04_generation_smoke_latest/abms/milk_consumption/runs/run_20260312_111830_338495/cases/49_milk_consumption_none_plot_rep3,results/qwen3.5-27b_openrouter_all_abms_chain/04_generation_smoke_latest/abms/milk_consumption/runs/run_20260312_111830_338495/cases/49_milk_consumption_none_plot_rep3/00_case_summary.json,results/qwen3.5-27b_openrouter_all_abms_chain/04_generation_smoke_latest/abms/milk_consumption/runs/run_20260312_111830_338495/cases/49_milk_consumption_none_plot_rep3/review.csv,results/qwen3.5-27b_openrouter_all_abms_chain/04_generation_smoke_latest/abms/milk_consumption/runs/run_20260312_111830_338495/cases/49_milk_consumption_none_plot_rep3/validation_state.json,True,False,
50_milk_consumption_none_table_rep3,milk_consumption,table,none,3,results/qwen3.5-27b_openrouter_all_abms_chain/04_generation_smoke_latest/abms/milk_consumption/runs/run_20260312_111830_338495/cases/50_milk_consumption_none_table_rep3,results/qwen3.5-27b_openrouter_all_abms_chain/04_generation_smoke_latest/abms/milk_consumption/runs/run_20260312_111830_338495/cases/50_milk_consumption_none_table_rep3/00_case_summary.json,results/qwen3.5-27b_openrouter_all_abms_chain/04_generation_smoke_latest/abms/milk_consumption/runs/run_20260312_111830_338495/cases/50_milk_consumption_none_table_rep3/review.csv,results/qwen3.5-27b_openrouter_all_abms_chain/04_generation_smoke_latest/abms/milk_consumption/runs/run_20260312_111830_338495/cases/50_milk_consumption_none_table_rep3/validation_state.json,True,False,
51_milk_consumption_none_plot_plus_table_rep3,milk_consumption,plot+table,none,3,results/qwen3.5-27b_openrouter_all_abms_chain/04_generation_smoke_latest/abms/milk_consumption/runs/run_20260312_111830_338495/cases/51_milk_consumption_none_plot_plus_table_rep3,results/qwen3.5-27b_openrouter_all_abms_chain/04_generation_smoke_latest/abms/milk_consumption/runs/run_20260312_111830_338495/cases/51_milk_consumption_none_plot_plus_table_rep3/00_case_summary.json,results/qwen3.5-27b_openrouter_all_abms_chain/04_generation_smoke_latest/abms/milk_consumption/runs/run_20260312_111830_338495/cases/51_milk_consumption_none_plot_plus_table_rep3/review.csv,results/qwen3.5-27b_openrouter_all_abms_chain/04_generation_smoke_latest/abms/milk_consumption/runs/run_20260312_111830_338495/cases/51_milk_consumption_none_plot_plus_table_rep3/validation_state.json,True,False,
52_milk_consumption_role_plot_rep3,milk_consumption,plot,role,3,results/qwen3.5-27b_openrouter_all_abms_chain/04_generation_smoke_latest/abms/milk_consumption/runs/run_20260312_111830_338495/cases/52_milk_consumption_role_plot_rep3,results/qwen3.5-27b_openrouter_all_abms_chain/04_generation_smoke_latest/abms/milk_consumption/runs/run_20260312_111830_338495/cases/52_milk_consumption_role_plot_rep3/00_case_summary.json,results/qwen3.5-27b_openrouter_all_abms_chain/04_generation_smoke_latest/abms/milk_consumption/runs/run_20260312_111830_338495/cases/52_milk_consumption_role_plot_rep3/review.csv,results/qwen3.5-27b_openrouter_all_abms_chain/04_generation_smoke_latest/abms/milk_consumption/runs/run_20260312_111830_338495/cases/52_milk_consumption_role_plot_rep3/validation_state.json,True,False,
53_milk_consumption_role_table_rep3,milk_consumption,table,role,3,results/qwen3.5-27b_openrouter_all_abms_chain/04_generation_smoke_latest/abms/milk_consumption/runs/run_20260312_111830_338495/cases/53_milk_consumption_role_table_rep3,results/qwen3.5-27b_openrouter_all_abms_chain/04_generation_smoke_latest/abms/milk_consumption/runs/run_20260312_111830_338495/cases/53_milk_consumption_role_table_rep3/00_case_summary.json,results/qwen3.5-27b_openrouter_all_abms_chain/04_generation_smoke_latest/abms/milk_consumption/runs/run_20260312_111830_338495/cases/53_milk_consumption_role_table_rep3/review.csv,results/qwen3.5-27b_openrouter_all_abms_chain/04_generation_smoke_latest/abms/milk_consumption/runs/run_20260312_111830_338495/cases/53_milk_consumption_role_table_rep3/validation_state.json,True,False,
54_milk_consumption_role_plot_plus_table_rep3,milk_consumption,plot+table,role,3,results/qwen3.5-27b_openrouter_all_abms_chain/04_generation_smoke_latest/abms/milk_consumption/runs/run_20260312_111830_338495/cases/54_milk_consumption_role_plot_plus_table_rep3,results/qwen3.5-27b_openrouter_all_abms_chain/04_generation_smoke_latest/abms/milk_consumption/runs/run_20260312_111830_338495/cases/54_milk_consumption_role_plot_plus_table_rep3/00_case_summary.json,results/qwen3.5-27b_openrouter_all_abms_chain/04_generation_smoke_latest/abms/milk_consumption/runs/run_20260312_111830_338495/cases/54_milk_consumption_role_plot_plus_table_rep3/review.csv,results/qwen3.5-27b_openrouter_all_abms_chain/04_generation_smoke_latest/abms/milk_consumption/runs/run_20260312_111830_338495/cases/54_milk_consumption_role_plot_plus_table_rep3/validation_state.json,True,False,
55_milk_consumption_insights_plot_rep3,milk_consumption,plot,insights,3,results/qwen3.5-27b_openrouter_all_abms_chain/04_generation_smoke_latest/abms/milk_consumption/runs/run_20260312_111830_338495/cases/55_milk_consumption_insights_plot_rep3,results/qwen3.5-27b_openrouter_all_abms_chain/04_generation_smoke_latest/abms/milk_consumption/runs/run_20260312_111830_338495/cases/55_milk_consumption_insights_plot_rep3/00_case_summary.json,results/qwen3.5-27b_openrouter_all_abms_chain/04_generation_smoke_latest/abms/milk_consumption/runs/run_20260312_111830_338495/cases/55_milk_consumption_insights_plot_rep3/review.csv,results/qwen3.5-27b_openrouter_all_abms_chain/04_generation_smoke_latest/abms/milk_consumption/runs/run_20260312_111830_338495/cases/55_milk_consumption_insights_plot_rep3/validation_state.json,True,False,
56_milk_consumption_insights_table_rep3,milk_consumption,table,insights,3,results/qwen3.5-27b_openrouter_all_abms_chain/04_generation_smoke_latest/abms/milk_consumption/runs/run_20260312_111830_338495/cases/56_milk_consumption_insights_table_rep3,results/qwen3.5-27b_openrouter_all_abms_chain/04_generation_smoke_latest/abms/milk_consumption/runs/run_20260312_111830_338495/cases/56_milk_consumption_insights_table_rep3/00_case_summary.json,results/qwen3.5-27b_openrouter_all_abms_chain/04_generation_smoke_latest/abms/milk_consumption/runs/run_20260312_111830_338495/cases/56_milk_consumption_insights_table_rep3/review.csv,results/qwen3.5-27b_openrouter_all_abms_chain/04_generation_smoke_latest/abms/milk_consumption/runs/run_20260312_111830_338495/cases/56_milk_consumption_insights_table_rep3/validation_state.json,True,False,
57_milk_consumption_insights_plot_plus_table_rep3,milk_consumption,plot+table,insights,3,results/qwen3.5-27b_openrouter_all_abms_chain/04_generation_smoke_latest/abms/milk_consumption/runs/run_20260312_111830_338495/cases/57_milk_consumption_insights_plot_plus_table_rep3,results/qwen3.5-27b_openrouter_all_abms_chain/04_generation_smoke_latest/abms/milk_consumption/runs/run_20260312_111830_338495/cases/57_milk_consumption_insights_plot_plus_table_rep3/00_case_summary.json,results/qwen3.5-27b_openrouter_all_abms_chain/04_generation_smoke_latest/abms/milk_consumption/runs/run_20260312_111830_338495/cases/57_milk_consumption_insights_plot_plus_table_rep3/review.csv,results/qwen3.5-27b_openrouter_all_abms_chain/04_generation_smoke_latest/abms/milk_consumption/runs/run_20260312_111830_338495/cases/57_milk_consumption_insights_plot_plus_table_rep3/validation_state.json,True,False,
58_milk_consumption_example_plot_rep3,milk_consumption,plot,example,3,results/qwen3.5-27b_openrouter_all_abms_chain/04_generation_smoke_latest/abms/milk_consumption/runs/run_20260312_111830_338495/cases/58_milk_consumption_example_plot_rep3,results/qwen3.5-27b_openrouter_all_abms_chain/04_generation_smoke_latest/abms/milk_consumption/runs/run_20260312_111830_338495/cases/58_milk_consumption_example_plot_rep3/00_case_summary.json,results/qwen3.5-27b_openrouter_all_abms_chain/04_generation_smoke_latest/abms/milk_consumption/runs/run_20260312_111830_338495/cases/58_milk_consumption_example_plot_rep3/review.csv,results/qwen3.5-27b_openrouter_all_abms_chain/04_generation_smoke_latest/abms/milk_consumption/runs/run_20260312_111830_338495/cases/58_milk_consumption_example_plot_rep3/validation_state.json,True,False,
59_milk_consumption_example_table_rep3,milk_consumption,table,example,3,results/qwen3.5-27b_openrouter_all_abms_chain/04_generation_smoke_latest/abms/milk_consumption/runs/run_20260312_111830_338495/cases/59_milk_consumption_example_table_rep3,results/qwen3.5-27b_openrouter_all_abms_chain/04_generation_smoke_latest/abms/milk_consumption/runs/run_20260312_111830_338495/cases/59_milk_consumption_example_table_rep3/00_case_summary.json,results/qwen3.5-27b_openrouter_all_abms_chain/04_generation_smoke_latest/abms/milk_consumption/runs/run_20260312_111830_338495/cases/59_milk_consumption_example_table_rep3/review.csv,results/qwen3.5-27b_openrouter_all_abms_chain/04_generation_smoke_latest/abms/milk_consumption/runs/run_20260312_111830_338495/cases/59_milk_consumption_example_table_rep3/validation_state.json,True,False,
60_milk_consumption_example_plot_plus_table_rep3,milk_consumption,plot+table,example,3,results/qwen3.5-27b_openrouter_all_abms_chain/04_generation_smoke_latest/abms/milk_consumption/runs/run_20260312_111830_338495/cases/60_milk_consumption_example_plot_plus_table_rep3,results/qwen3.5-27b_openrouter_all_abms_chain/04_generation_smoke_latest/abms/milk_consumption/runs/run_20260312_111830_338495/cases/60_milk_consumption_example_plot_plus_table_rep3/00_case_summary.json,results/qwen3.5-27b_openrouter_all_abms_chain/04_generation_smoke_latest/abms/milk_consumption/runs/run_20260312_111830_338495/cases/60_milk_consumption_example_plot_plus_table_rep3/review.csv,results/qwen3.5-27b_openrouter_all_abms_chain/04_generation_smoke_latest/abms/milk_consumption/runs/run_20260312_111830_338495/cases/60_milk_consumption_example_plot_plus_table_rep3/validation_state.json,True,False,
61_milk_consumption_role+example_plot_rep3,milk_consumption,plot,role+example,3,results/qwen3.5-27b_openrouter_all_abms_chain/04_generation_smoke_latest/abms/milk_consumption/runs/run_20260312_111830_338495/cases/61_milk_consumption_role+example_plot_rep3,results/qwen3.5-27b_openrouter_all_abms_chain/04_generation_smoke_latest/abms/milk_consumption/runs/run_20260312_111830_338495/cases/61_milk_consumption_role+example_plot_rep3/00_case_summary.json,results/qwen3.5-27b_openrouter_all_abms_chain/04_generation_smoke_latest/abms/milk_consumption/runs/run_20260312_111830_338495/cases/61_milk_consumption_role+example_plot_rep3/review.csv,results/qwen3.5-27b_openrouter_all_abms_chain/04_generation_smoke_latest/abms/milk_consumption/runs/run_20260312_111830_338495/cases/61_milk_consumption_role+example_plot_rep3/validation_state.json,True,False,
62_milk_consumption_role+example_table_rep3,milk_consumption,table,role+example,3,results/qwen3.5-27b_openrouter_all_abms_chain/04_generation_smoke_latest/abms/milk_consumption/runs/run_20260312_111830_338495/cases/62_milk_consumption_role+example_table_rep3,results/qwen3.5-27b_openrouter_all_abms_chain/04_generation_smoke_latest/abms/milk_consumption/runs/run_20260312_111830_338495/cases/62_milk_consumption_role+example_table_rep3/00_case_summary.json,results/qwen3.5-27b_openrouter_all_abms_chain/04_generation_smoke_latest/abms/milk_consumption/runs/run_20260312_111830_338495/cases/62_milk_consumption_role+example_table_rep3/review.csv,results/qwen3.5-27b_openrouter_all_abms_chain/04_generation_smoke_latest/abms/milk_consumption/runs/run_20260312_111830_338495/cases/62_milk_consumption_role+example_table_rep3/validation_state.json,True,False,
63_milk_consumption_role+example_plot_plus_table_rep3,milk_consumption,plot+table,role+example,3,results/qwen3.5-27b_openrouter_all_abms_chain/04_generation_smoke_latest/abms/milk_consumption/runs/run_20260312_111830_338495/cases/63_milk_consumption_role+example_plot_plus_table_rep3,results/qwen3.5-27b_openrouter_all_abms_chain/04_generation_smoke_latest/abms/milk_consumption/runs/run_20260312_111830_338495/cases/63_milk_consumption_role+example_plot_plus_table_rep3/00_case_summary.json,results/qwen3.5-27b_openrouter_all_abms_chain/04_generation_smoke_latest/abms/milk_consumption/runs/run_20260312_111830_338495/cases/63_milk_consumption_role+example_plot_plus_table_rep3/review.csv,results/qwen3.5-27b_openrouter_all_abms_chain/04_generation_smoke_latest/abms/milk_consumption/runs/run_20260312_111830_338495/cases/63_milk_consumption_role+example_plot_plus_table_rep3/validation_state.json,True,False,
64_milk_consumption_role+insights_plot_rep3,milk_consumption,plot,role+insights,3,results/qwen3.5-27b_openrouter_all_abms_chain/04_generation_smoke_latest/abms/milk_consumption/runs/run_20260312_111830_338495/cases/64_milk_consumption_role+insights_plot_rep3,results/qwen3.5-27b_openrouter_all_abms_chain/04_generation_smoke_latest/abms/milk_consumption/runs/run_20260312_111830_338495/cases/64_milk_consumption_role+insights_plot_rep3/00_case_summary.json,results/qwen3.5-27b_openrouter_all_abms_chain/04_generation_smoke_latest/abms/milk_consumption/runs/run_20260312_111830_338495/cases/64_milk_consumption_role+insights_plot_rep3/review.csv,results/qwen3.5-27b_openrouter_all_abms_chain/04_generation_smoke_latest/abms/milk_consumption/runs/run_20260312_111830_338495/cases/64_milk_consumption_role+insights_plot_rep3/validation_state.json,True,False,
65_milk_consumption_role+insights_table_rep3,milk_consumption,table,role+insights,3,results/qwen3.5-27b_openrouter_all_abms_chain/04_generation_smoke_latest/abms/milk_consumption/runs/run_20260312_111830_338495/cases/65_milk_consumption_role+insights_table_rep3,results/qwen3.5-27b_openrouter_all_abms_chain/04_generation_smoke_latest/abms/milk_consumption/runs/run_20260312_111830_338495/cases/65_milk_consumption_role+insights_table_rep3/00_case_summary.json,results/qwen3.5-27b_openrouter_all_abms_chain/04_generation_smoke_latest/abms/milk_consumption/runs/run_20260312_111830_338495/cases/65_milk_consumption_role+insights_table_rep3/review.csv,results/qwen3.5-27b_openrouter_all_abms_chain/04_generation_smoke_latest/abms/milk_consumption/runs/run_20260312_111830_338495/cases/65_milk_consumption_role+insights_table_rep3/validation_state.json,True,False,
66_milk_consumption_role+insights_plot_plus_table_rep3,milk_consumption,plot+table,role+insights,3,results/qwen3.5-27b_openrouter_all_abms_chain/04_generation_smoke_latest/abms/milk_consumption/runs/run_20260312_111830_338495/cases/66_milk_consumption_role+insights_plot_plus_table_rep3,results/qwen3.5-27b_openrouter_all_abms_chain/04_generation_smoke_latest/abms/milk_consumption/runs/run_20260312_111830_338495/cases/66_milk_consumption_role+insights_plot_plus_table_rep3/00_case_summary.json,results/qwen3.5-27b_openrouter_all_abms_chain/04_generation_smoke_latest/abms/milk_consumption/runs/run_20260312_111830_338495/cases/66_milk_consumption_role+insights_plot_plus_table_rep3/review.csv,results/qwen3.5-27b_openrouter_all_abms_chain/04_generation_smoke_latest/abms/milk_consumption/runs/run_20260312_111830_338495/cases/66_milk_consumption_role+insights_plot_plus_table_rep3/validation_state.json,True,False,
67_milk_consumption_insights+example_plot_rep3,milk_consumption,plot,insights+example,3,results/qwen3.5-27b_openrouter_all_abms_chain/04_generation_smoke_latest/abms/milk_consumption/runs/run_20260312_111830_338495/cases/67_milk_consumption_insights+example_plot_rep3,results/qwen3.5-27b_openrouter_all_abms_chain/04_generation_smoke_latest/abms/milk_consumption/runs/run_20260312_111830_338495/cases/67_milk_consumption_insights+example_plot_rep3/00_case_summary.json,results/qwen3.5-27b_openrouter_all_abms_chain/04_generation_smoke_latest/abms/milk_consumption/runs/run_20260312_111830_338495/cases/67_milk_consumption_insights+example_plot_rep3/review.csv,results/qwen3.5-27b_openrouter_all_abms_chain/04_generation_smoke_latest/abms/milk_consumption/runs/run_20260312_111830_338495/cases/67_milk_consumption_insights+example_plot_rep3/validation_state.json,True,False,
68_milk_consumption_insights+example_table_rep3,milk_consumption,table,insights+example,3,results/qwen3.5-27b_openrouter_all_abms_chain/04_generation_smoke_latest/abms/milk_consumption/runs/run_20260312_111830_338495/cases/68_milk_consumption_insights+example_table_rep3,results/qwen3.5-27b_openrouter_all_abms_chain/04_generation_smoke_latest/abms/milk_consumption/runs/run_20260312_111830_338495/cases/68_milk_consumption_insights+example_table_rep3/00_case_summary.json,results/qwen3.5-27b_openrouter_all_abms_chain/04_generation_smoke_latest/abms/milk_consumption/runs/run_20260312_111830_338495/cases/68_milk_consumption_insights+example_table_rep3/review.csv,results/qwen3.5-27b_openrouter_all_abms_chain/04_generation_smoke_latest/abms/milk_consumption/runs/run_20260312_111830_338495/cases/68_milk_consumption_insights+example_table_rep3/validation_state.json,True,False,
69_milk_consumption_insights+example_plot_plus_table_rep3,milk_consumption,plot+table,insights+example,3,results/qwen3.5-27b_openrouter_all_abms_chain/04_generation_smoke_latest/abms/milk_consumption/runs/run_20260312_111830_338495/cases/69_milk_consumption_insights+example_plot_plus_table_rep3,results/qwen3.5-27b_openrouter_all_abms_chain/04_generation_smoke_latest/abms/milk_consumption/runs/run_20260312_111830_338495/cases/69_milk_consumption_insights+example_plot_plus_table_rep3/00_case_summary.json,results/qwen3.5-27b_openrouter_all_abms_chain/04_generation_smoke_latest/abms/milk_consumption/runs/run_20260312_111830_338495/cases/69_milk_consumption_insights+example_plot_plus_table_rep3/review.csv,results/qwen3.5-27b_openrouter_all_abms_chain/04_generation_smoke_latest/abms/milk_consumption/runs/run_20260312_111830_338495/cases/69_milk_consumption_insights+example_plot_plus_table_rep3/validation_state.json,True,False,
70_milk_consumption_all_three_plot_rep3,milk_consumption,plot,all_three,3,results/qwen3.5-27b_openrouter_all_abms_chain/04_generation_smoke_latest/abms/milk_consumption/runs/run_20260312_111830_338495/cases/70_milk_consumption_all_three_plot_rep3,results/qwen3.5-27b_openrouter_all_abms_chain/04_generation_smoke_latest/abms/milk_consumption/runs/run_20260312_111830_338495/cases/70_milk_consumption_all_three_plot_rep3/00_case_summary.json,results/qwen3.5-27b_openrouter_all_abms_chain/04_generation_smoke_latest/abms/milk_consumption/runs/run_20260312_111830_338495/cases/70_milk_consumption_all_three_plot_rep3/review.csv,results/qwen3.5-27b_openrouter_all_abms_chain/04_generation_smoke_latest/abms/milk_consumption/runs/run_20260312_111830_338495/cases/70_milk_consumption_all_three_plot_rep3/validation_state.json,True,False,
71_milk_consumption_all_three_table_rep3,milk_consumption,table,all_three,3,results/qwen3.5-27b_openrouter_all_abms_chain/04_generation_smoke_latest/abms/milk_consumption/runs/run_20260312_111830_338495/cases/71_milk_consumption_all_three_table_rep3,results/qwen3.5-27b_openrouter_all_abms_chain/04_generation_smoke_latest/abms/milk_consumption/runs/run_20260312_111830_338495/cases/71_milk_consumption_all_three_table_rep3/00_case_summary.json,results/qwen3.5-27b_openrouter_all_abms_chain/04_generation_smoke_latest/abms/milk_consumption/runs/run_20260312_111830_338495/cases/71_milk_consumption_all_three_table_rep3/review.csv,results/qwen3.5-27b_openrouter_all_abms_chain/04_generation_smoke_latest/abms/milk_consumption/runs/run_20260312_111830_338495/cases/71_milk_consumption_all_three_table_rep3/validation_state.json,True,False,
72_milk_consumption_all_three_plot_plus_table_rep3,milk_consumption,plot+table,all_three,3,results/qwen3.5-27b_openrouter_all_abms_chain/04_generation_smoke_latest/abms/milk_consumption/runs/run_20260312_111830_338495/cases/72_milk_consumption_all_three_plot_plus_table_rep3,results/qwen3.5-27b_openrouter_all_abms_chain/04_generation_smoke_latest/abms/milk_consumption/runs/run_20260312_111830_338495/cases/72_milk_consumption_all_three_plot_plus_table_rep3/00_case_summary.json,results/qwen3.5-27b_openrouter_all_abms_chain/04_generation_smoke_latest/abms/milk_consumption/runs/run_20260312_111830_338495/cases/72_milk_consumption_all_three_plot_plus_table_rep3/review.csv,results/qwen3.5-27b_openrouter_all_abms_chain/04_generation_smoke_latest/abms/milk_consumption/runs/run_20260312_111830_338495/cases/72_milk_consumption_all_three_plot_plus_table_rep3/validation_state.json,True,False,
